-- MySQL dump 10.13  Distrib 8.0.27, for Win64 (x86_64)
--
-- Host: localhost    Database: homematedb
-- ------------------------------------------------------
-- Server version	8.0.27

/*!40101 SET @OLD_CHARACTER_SET_CLIENT=@@CHARACTER_SET_CLIENT */;
/*!40101 SET @OLD_CHARACTER_SET_RESULTS=@@CHARACTER_SET_RESULTS */;
/*!40101 SET @OLD_COLLATION_CONNECTION=@@COLLATION_CONNECTION */;
/*!50503 SET NAMES utf8mb4 */;
/*!40103 SET @OLD_TIME_ZONE=@@TIME_ZONE */;
/*!40103 SET TIME_ZONE='+00:00' */;
/*!40014 SET @OLD_UNIQUE_CHECKS=@@UNIQUE_CHECKS, UNIQUE_CHECKS=0 */;
/*!40014 SET @OLD_FOREIGN_KEY_CHECKS=@@FOREIGN_KEY_CHECKS, FOREIGN_KEY_CHECKS=0 */;
/*!40101 SET @OLD_SQL_MODE=@@SQL_MODE, SQL_MODE='NO_AUTO_VALUE_ON_ZERO' */;
/*!40111 SET @OLD_SQL_NOTES=@@SQL_NOTES, SQL_NOTES=0 */;

--
-- Table structure for table `admin_tbl`
--

DROP TABLE IF EXISTS `admin_tbl`;
/*!40101 SET @saved_cs_client     = @@character_set_client */;
/*!50503 SET character_set_client = utf8mb4 */;
CREATE TABLE `admin_tbl` (
  `username` varchar(255) NOT NULL,
  `password` varchar(255) DEFAULT NULL,
  PRIMARY KEY (`username`)
) ENGINE=InnoDB DEFAULT CHARSET=utf8mb4 COLLATE=utf8mb4_0900_ai_ci;
/*!40101 SET character_set_client = @saved_cs_client */;

--
-- Dumping data for table `admin_tbl`
--

LOCK TABLES `admin_tbl` WRITE;
/*!40000 ALTER TABLE `admin_tbl` DISABLE KEYS */;
INSERT INTO `admin_tbl` VALUES ('Admin','Admin@123');
/*!40000 ALTER TABLE `admin_tbl` ENABLE KEYS */;
UNLOCK TABLES;

--
-- Table structure for table `customer_tbl`
--

DROP TABLE IF EXISTS `customer_tbl`;
/*!40101 SET @saved_cs_client     = @@character_set_client */;
/*!50503 SET character_set_client = utf8mb4 */;
CREATE TABLE `customer_tbl` (
  `customer_id` int NOT NULL AUTO_INCREMENT,
  `customer_username` varchar(250) NOT NULL,
  `customer_firstname` varchar(250) NOT NULL,
  `customer_lastname` varchar(250) NOT NULL,
  `customer_email` varchar(250) NOT NULL,
  `customer_mobile` varchar(15) NOT NULL,
  `customer_password` varchar(250) NOT NULL,
  `customer_address` varchar(250) NOT NULL,
  `customer_city` varchar(250) NOT NULL,
  `customer_pincode` int NOT NULL,
  PRIMARY KEY (`customer_id`)
) ENGINE=InnoDB AUTO_INCREMENT=1020 DEFAULT CHARSET=utf8mb4 COLLATE=utf8mb4_0900_ai_ci;
/*!40101 SET character_set_client = @saved_cs_client */;

--
-- Dumping data for table `customer_tbl`
--

LOCK TABLES `customer_tbl` WRITE;
/*!40000 ALTER TABLE `customer_tbl` DISABLE KEYS */;
INSERT INTO `customer_tbl` VALUES (2,'ameyajondhale','Ameya','Jondhale','ameya12@gmail.com','952179','ameya@20','F/no 809 Saikiran','Nashik',420003),(4,'pratikjadhav','Pratik','Jadhav','pratik35@gmail.com','9562163245','pratik@40','f/no 343 Aayush Apar.','Satara',412103),(5,'siddiqueshaikh','Siddique','Shaikh','siddique41@gmail.com','913671235','siddique@50','f/no304,belrose','Pune',411011),(6,'vikrampardeshi','Vikram','Pardeshi','vikram15@gmail.com','9561478665','vikram@60','p/no 322, Sparsh Apartment','Amravati',444601),(1011,'rutujafirke','Devayani','Firke','rutujafirke123@gmail.com','7757981247','Rutuja@10','A206 Sai Vasai Ram Building Ambernath','Mumbai',421501),(1013,'kartik','Kartik','Gund','kartikgund2@gmail.com','9876578942','kartikgund','A78 shivaji road Vasai ','Sangali',436787),(1019,'kartikgund','Kartik','Gund','kartik2@gmail.com','7744885500','123456789','solapur','Solapur',441100);
/*!40000 ALTER TABLE `customer_tbl` ENABLE KEYS */;
UNLOCK TABLES;

--
-- Table structure for table `hibernate_sequence`
--

DROP TABLE IF EXISTS `hibernate_sequence`;
/*!40101 SET @saved_cs_client     = @@character_set_client */;
/*!50503 SET character_set_client = utf8mb4 */;
CREATE TABLE `hibernate_sequence` (
  `next_val` bigint DEFAULT NULL
) ENGINE=InnoDB DEFAULT CHARSET=utf8mb4 COLLATE=utf8mb4_0900_ai_ci;
/*!40101 SET character_set_client = @saved_cs_client */;

--
-- Dumping data for table `hibernate_sequence`
--

LOCK TABLES `hibernate_sequence` WRITE;
/*!40000 ALTER TABLE `hibernate_sequence` DISABLE KEYS */;
INSERT INTO `hibernate_sequence` VALUES (3);
/*!40000 ALTER TABLE `hibernate_sequence` ENABLE KEYS */;
UNLOCK TABLES;

--
-- Table structure for table `order_booking_tbl`
--

DROP TABLE IF EXISTS `order_booking_tbl`;
/*!40101 SET @saved_cs_client     = @@character_set_client */;
/*!50503 SET character_set_client = utf8mb4 */;
CREATE TABLE `order_booking_tbl` (
  `booking_id` int NOT NULL AUTO_INCREMENT,
  `booking_service_id` int NOT NULL,
  `booking_customer_id` int NOT NULL,
  `booking_status` varchar(250) DEFAULT NULL,
  `booking_service_cost` int NOT NULL,
  `booking_service_address` varchar(250) DEFAULT NULL,
  `booking_ordered_date` timestamp NULL DEFAULT CURRENT_TIMESTAMP,
  `booking_review` varchar(250) DEFAULT NULL,
  `booking_rating` varchar(250) DEFAULT NULL,
  `booking_order_id` int DEFAULT NULL,
  `booking_schedule_time` varchar(20) DEFAULT NULL,
  `booking_schedule_date` date DEFAULT NULL,
  `booking_feedback_date` date DEFAULT NULL,
  PRIMARY KEY (`booking_id`),
  KEY `booking_service_id` (`booking_service_id`),
  KEY `booking_customer_id` (`booking_customer_id`),
  KEY `FKgl5r7nlrvkssq6gq1rmw29y89` (`booking_order_id`),
  CONSTRAINT `FKgl5r7nlrvkssq6gq1rmw29y89` FOREIGN KEY (`booking_order_id`) REFERENCES `order_tbl` (`order_id`),
  CONSTRAINT `order_booking_tbl_ibfk_1` FOREIGN KEY (`booking_service_id`) REFERENCES `services_tbl` (`service_id`) ON DELETE CASCADE,
  CONSTRAINT `order_booking_tbl_ibfk_2` FOREIGN KEY (`booking_customer_id`) REFERENCES `customer_tbl` (`customer_id`) ON DELETE CASCADE,
  CONSTRAINT `order_booking_tbl_chk_1` CHECK (((`booking_rating` >= 1) and (`booking_rating` <= 5)))
) ENGINE=InnoDB AUTO_INCREMENT=1021 DEFAULT CHARSET=utf8mb4 COLLATE=utf8mb4_0900_ai_ci;
/*!40101 SET character_set_client = @saved_cs_client */;

--
-- Dumping data for table `order_booking_tbl`
--

LOCK TABLES `order_booking_tbl` WRITE;
/*!40000 ALTER TABLE `order_booking_tbl` DISABLE KEYS */;
INSERT INTO `order_booking_tbl` VALUES (1,2004,2,'Booking pending',1500,' F/no 809 Saikiran','2022-03-01 18:30:00',NULL,NULL,NULL,NULL,NULL,NULL),(1001,2004,6,'Delivered',1500,'p/no 322, Sparsh Apartment','2022-04-01 18:30:00','extraordinary service, this is the bare minimum I expect from any cleaning service provider.','5',NULL,NULL,NULL,NULL),(1002,2004,6,'Scheduled',1500,'p/no 322, Sparsh Apartment','2022-04-01 18:30:00',NULL,NULL,NULL,NULL,NULL,NULL),(1003,2006,6,'Delivered',2500,'p/no 322, Sparsh Apartment','2022-04-01 18:30:00',NULL,NULL,NULL,NULL,NULL,NULL),(1008,2006,2,'Delivered',2500,'F/no 809 Saikiran','2022-04-01 18:30:00',NULL,NULL,NULL,'00:51','2022-04-09',NULL),(1016,2006,1013,'Delivered',2500,'A78 shivaji road Vasai ','2022-04-01 18:30:00',NULL,NULL,NULL,'18:43','2022-04-06',NULL),(1020,2006,1019,'Delivered',2500,'solapur','2022-04-02 18:30:00','nice','4',NULL,'04:28','2022-04-15',NULL);
/*!40000 ALTER TABLE `order_booking_tbl` ENABLE KEYS */;
UNLOCK TABLES;

--
-- Table structure for table `order_tbl`
--

DROP TABLE IF EXISTS `order_tbl`;
/*!40101 SET @saved_cs_client     = @@character_set_client */;
/*!50503 SET character_set_client = utf8mb4 */;
CREATE TABLE `order_tbl` (
  `order_id` int NOT NULL AUTO_INCREMENT,
  `order_customer_id` int DEFAULT NULL,
  `order_total_amount` int NOT NULL,
  `order_status` varchar(250) DEFAULT NULL,
  PRIMARY KEY (`order_id`),
  KEY `customer_id` (`order_customer_id`),
  CONSTRAINT `order_tbl_ibfk_1` FOREIGN KEY (`order_customer_id`) REFERENCES `customer_tbl` (`customer_id`) ON DELETE CASCADE
) ENGINE=InnoDB AUTO_INCREMENT=3007 DEFAULT CHARSET=utf8mb4 COLLATE=utf8mb4_0900_ai_ci;
/*!40101 SET character_set_client = @saved_cs_client */;

--
-- Dumping data for table `order_tbl`
--

LOCK TABLES `order_tbl` WRITE;
/*!40000 ALTER TABLE `order_tbl` DISABLE KEYS */;
INSERT INTO `order_tbl` VALUES (3001,2,1500,'Pending'),(3002,5,2000,'Delivered'),(3004,2,3000,'Delivered'),(3006,5,2500,'Scheduled');
/*!40000 ALTER TABLE `order_tbl` ENABLE KEYS */;
UNLOCK TABLES;

--
-- Table structure for table `services_tbl`
--

DROP TABLE IF EXISTS `services_tbl`;
/*!40101 SET @saved_cs_client     = @@character_set_client */;
/*!50503 SET character_set_client = utf8mb4 */;
CREATE TABLE `services_tbl` (
  `service_id` int NOT NULL AUTO_INCREMENT,
  `service_type` varchar(250) NOT NULL,
  `service_cost` int NOT NULL,
  `service_discount` varchar(250) NOT NULL,
  `service_time_hrs` varchar(250) NOT NULL,
  `service_vendor_id` int NOT NULL,
  PRIMARY KEY (`service_id`),
  KEY `service_vendor_id` (`service_vendor_id`),
  CONSTRAINT `services_tbl_ibfk_1` FOREIGN KEY (`service_vendor_id`) REFERENCES `vendor_tbl` (`vendor_id`) ON DELETE CASCADE
) ENGINE=InnoDB AUTO_INCREMENT=2009 DEFAULT CHARSET=utf8mb4 COLLATE=utf8mb4_0900_ai_ci;
/*!40101 SET character_set_client = @saved_cs_client */;

--
-- Dumping data for table `services_tbl`
--

LOCK TABLES `services_tbl` WRITE;
/*!40000 ALTER TABLE `services_tbl` DISABLE KEYS */;
INSERT INTO `services_tbl` VALUES (2002,'Living Room Cleaning',1000,'5%','1hrs',1003),(2003,'Common Room Cleaning',1000,'5%','1hrs',1004),(2004,'Bedroom Cleaning',1500,'4%','2hrs',1000),(2006,'Before Festive Cleaning',2500,'3%','7hrs',1004),(2007,'Kitchen Cleaning',500,'3%','2hrs',1003),(2008,'Bathroom cleaning',1000,'5%','1hrs',1000);
/*!40000 ALTER TABLE `services_tbl` ENABLE KEYS */;
UNLOCK TABLES;

--
-- Table structure for table `user_sequence`
--

DROP TABLE IF EXISTS `user_sequence`;
/*!40101 SET @saved_cs_client     = @@character_set_client */;
/*!50503 SET character_set_client = utf8mb4 */;
CREATE TABLE `user_sequence` (
  `next_val` bigint DEFAULT NULL
) ENGINE=InnoDB DEFAULT CHARSET=utf8mb4 COLLATE=utf8mb4_0900_ai_ci;
/*!40101 SET character_set_client = @saved_cs_client */;

--
-- Dumping data for table `user_sequence`
--

LOCK TABLES `user_sequence` WRITE;
/*!40000 ALTER TABLE `user_sequence` DISABLE KEYS */;
INSERT INTO `user_sequence` VALUES (1021);
/*!40000 ALTER TABLE `user_sequence` ENABLE KEYS */;
UNLOCK TABLES;

--
-- Table structure for table `vendor_tbl`
--

DROP TABLE IF EXISTS `vendor_tbl`;
/*!40101 SET @saved_cs_client     = @@character_set_client */;
/*!50503 SET character_set_client = utf8mb4 */;
CREATE TABLE `vendor_tbl` (
  `vendor_id` int NOT NULL AUTO_INCREMENT,
  `vendor_username` varchar(250) NOT NULL,
  `vendor_firstname` varchar(250) NOT NULL,
  `vendor_lastname` varchar(250) NOT NULL,
  `vendor_email` varchar(250) NOT NULL,
  `vendor_mobile` varchar(15) NOT NULL,
  `vendor_password` varchar(250) NOT NULL,
  `vendor_address` varchar(250) NOT NULL,
  `vendor_city` varchar(250) NOT NULL,
  `vendor_pincode` int NOT NULL,
  `vendor_image` longblob,
  PRIMARY KEY (`vendor_id`)
) ENGINE=InnoDB AUTO_INCREMENT=1008 DEFAULT CHARSET=utf8mb4 COLLATE=utf8mb4_0900_ai_ci;
/*!40101 SET character_set_client = @saved_cs_client */;

--
-- Dumping data for table `vendor_tbl`
--

LOCK TABLES `vendor_tbl` WRITE;
/*!40000 ALTER TABLE `vendor_tbl` DISABLE KEYS */;
INSERT INTO `vendor_tbl` VALUES (1000,'Aniketpagare','Aniket','Pagare','harryservices@gmail.com','7896542355','harry@123','Harryservice, maha roadNashik','Nashik',420003,_binary 'PNG\r\n\Z\n\0\0\0\rIHDR\0\0@\0\0@\0\0\0\~\0\0\0sRGB\0\\\0\0\0gAMA\0\0a\0\0\0PLTExGJ1\\\{AL.W\"iy\k\{ΉˀrHyI)`6`Ge9g:b2](Y$xʎkɕc/Ԙz\sJuJv{f\\Ț\{\kg\NѨԵۓ_j\x\\ϭb\ƓlA\@y>~[ےN\KY9z^ΜZN[ïٖx͙yͬ\c>~\lyUj\X1\gOI\wƵ\\ieגr˟ъY\'Y}r:\״Tҝs9o\k\t\C܍kȞСҭ\\\\oEHwNϡ\̇Sa\\yДϏe7\\\rJ\\\\\\\\CXd\\\Ih?Tq\`-paҡ^pj\Bi\Ӣ\G{β\\qrʅ^ƃW\\\]9l@Ձ[\̽\]\\uzM\l3o˙˚|Π\~Wuøݯؐ_,U/}k5֛c|դԍkɜdubqYzū\̼\kCzĀf_Ďl\]4ܸyiLRzcj\uO{TԯrnoE~D\\\ڈe\M,P\\ˤԌQi=WSUeh\ÉJd\uZ\R\\\P7w͚|Ϥjqe\ُ\\ۄS\"|OtM\\\٦cԒqˊYni=Ӗx\\u~\P\f.w>\PDٕu\֬\ѶӄUנѬ\pEϧkxW6܏nɚ|Ϝ\щ]\\\\0\0\0\z\\0\0\0tRNS8\ŗ\\c\\eG\\\\d\B\\\\I\w\\\\X\W\\\p\\s\\\S\٤v\0ڠ\0\0\0	pHYs\0\0\\0\0\\od\0\0oPIDATx^\\}WY\}2ɀIPD\"=b(&L5$4\4&Š>Dk\rc1Dm+5PmR\r\c 5\*:&1\"(\nV\\"\\\\9g\׽\Z\\-\\{^\\}\0\0 	\0HB\0\0 \0$\0 	\0HB\0\0 \0$\0 	\0HB\0\0 \0$\0 	\0HB\0\0 \0$\0 	\0HB\0\0 \0$\0 	\0HB\0\0 \0$\0 	\0HB\0\0 \0$\0 	\0HB\0\0 \0$\0 	\0HB\0\0 \0$\0 	\0HB\0\0 \0$\0 	\0HB\0\0 \0$\0 	\0HB\0\0 \0$\0 	\0HB\0\0 \0$\0 	\0HB\0\0 \0$\0 	\0HB\0\0 \0$\0 	\0HB\0\0 \0$\0 	\0HB\0\0 \0$\0 	\0HB\0\0 \0$\0 	\0HB\0\0 \0$\0 	\0HB\0\0 \0$\0 	\0HB\0\0 \0$\0 	\0HB\0\0 \0$\0 	\0HB\0\0 \0$\0 	\0HB\0\0 \0$\0 	\0HB\0\0 \0$\0 	\0HB\0\0 \0$\0 	\0HB\0\0 \0$\0 	\0HB\0\0 \0$\0 	\0HB\0\0 \0$\0 	\0HB\0\0 \0$\0 	\0HB\0\0 \0$\0 	\0HB\0\0 \0$\0 	\0HB\0\0 \0$0vj\ɩ\\rbm@\4g=+y\L֣e*\\ @Ђ\ab\\n\'k	Z@ 1\plB ,\sC\\ \fn#I\V}\n\'\G-ɱ9\8vJ\7\\\\0G`\11_8;:F$F\\Bu,8@&c)\\Zm<)\\c\\"\0-d\t\'O\!6 0IE0L`\\"\0AuG\nB\ YNTE<\`Q\ \Ȋ @Pk}`M\ (j\\\IfPbX\(%C£fP1\(\n @гv>e\r+\"\>1\\,\\0A_\pe\\0A/HK\\\0A~,{\srM\C 3=\\"CH\XTGN!=\\ C\r<HG\\A \\2 \> \\\A7: =\; H\\G, $G(1D\c\#C\0|\TE`)k*6,,\0☺]YXE1u\(a\\!X0h\,\0\\>\0s mW\rcSf#@0\1,ZUA\8L\9uLA`\"\0,LD`>-b1wؓ\\D|`*CQ\]a&C0\0\b,`\\9\b\0:>C\0\0\%! @\9R\!\#@\ƙstA4\0iv\z[F@DHVȆi\&\Y!m\"@ZD| ;\"EH{\i\\Z\!BZC@ M\[\F]\rM @\Z©s\\ \ >P\\\n\"B\ZA4\}0\\* B\Z@G|\"$<$8~\"GĦ\D1 \\nձ!+2$.?`K!q Q\\[SD4HL\V\c\"@B\[PX;AD\\9b5=$?`K! 0{ӘǊ\0\+\<V$H\^\\ @\`\\nN0Wpy 3\c@Dw\yK\cGx\\\R[s콂c\c9G\\α\\Z\\A1ufxD\\9B`1\/\+f4\!@b\\\\\bKG?~ $! \0@PB\!@a8C\\1\\0\\\c\	\\4A#kz\Ax\\`\\h\n~1B\\ @<\;4D \\\4\\G	h^E\\\rcbb\#Qz`bw\<6\ZF\\]\r v\\Z\ Vzk\V F1}la\Z\(\$VρXK7\0\+`,\"@\`^B\\0\X\ ְzLZ51zS\0L\F 0}\\4)%\\`7%!zC\0̠\ f0},i,3+\4\\\~^#\^\0X^\EX\\\&\\01e\0R\\0K\z\ؽ$\;j\ؽ$c!2.?X\0JoDzPR^\0\\2N\0RR\r\@,TCԢ3T(\0D@zPRFHH\r2\!5 |d\RzHy\\\0\r\\\dW\ |\\\8}\S\e E\n\\"@Jb\36cDGz\P\0R7^\CR\~\fRB\_\()\0)\@al\-\0)@=\Z@Az\#\\\0\ SgP^A\\0\\wj\\\3_\P	\/Wl\\~\^ }\"?\8\\'G\P	\#?\Haސ	$Ho\N/%r#@z\0Ȍ\0釺-\0\b\"/\\0Ы>\0C/\'r\"@zȈ\0\O\)zA\\'F\E6Hf\`\fF\E~\0 y Yi$HVHN\`	GdD\C~\0  ٬{0Ɇ\0Ʌ\0\C\ $H&H\\	\:HH\!Ar @2 ?\0wH\\!;3\p\\0\\0\"A\"@:\"?\0Hn\1\HDtn%\HCtN)\HBt.-\HAt1\H@S\\^h,\0I\9\X\ZJ]{z,$:\0\ZcIH\w\08\!@@($H$\)u:\0A\ˍe 	\ $<\hM/8G,x\}iȲ\ (dYȲ\\\0\"@  \Xu3\0!\E\bJ:B,\@pI_\K @\B$\\q\0h\AF,\0\ZA,\0Y\\\cdA\X\0\Z\s Q\\0Yxpd!\\"\ۘ\G\]vVvyl\]5u)u\c\_q\<t˭OH7\\\ѳο\\r{\\2\c3\|\|\N\\+xhzQAPt\\\\L\\;/yy\rAQ	T\<\J\\;.~\l\AQ4\l\\r\豋S!#l权\0\r]v\;\;F0qͼ 3˹\{\b\	[f\"@fR\'GGo5\\rL\@\0 \\\D`\_.`du 8s\Tb\\& @cG\Y\\b\V\˟\.;q5!+܊52:\A|QId\Zup\\\ (`7d\nuxpF+\\\\\BL\\.QU\!/,OFL\\r&^>\\\\Aa!}\"dn0q\\;Ta\jv @&Qi\9\\\"@&PeGy\\\x\\8\\;\\\ax\B8d\\\qkAa!}2FV9\w5!;*\B즮N\\|\cCwT$\0م\N_\'>8\2\.\N,+>\7\w\"@v\]/Vٍ!?|#}du\h\cCT*\0.s΋A\\R2nqwCXAlcĦc!\rN\\!A \\=`\ї\\\\! #\9`\\\\F\\# [8Ah\1\\G1q\aĞ/~la\\ B:\?{%A<R\hA\f\\j\-pEu\:Ns\1\0\\ \!@w\\A\\R\h2.=MA\\R\h2^S\ZY<\\\%\\ ,\r,\W\1qO C\\\CT@ZF\\\c!O*!\r#@X\0\W\2H\\^3ps\A|jJ\D\5pq\tARiV\n\N\\\\\AR!iU\\^#Z]=\\ĩƯ4i<@\	Pٝ*\rc\JI\u\u!і1\JŤMMX&4?}!SMOb5 \\0\<\\\\G\L\\IZ5?D\C\>t\Yz0pCE\rG\\rh\\T\\|촞<h@z\t|xp\8\\\vDMؽ;˹︑5\'TT\\l0U\s\r\ezX\IVdM\rjN?\"\_\d}Nb\Z jvTs?2\:\4\Z L`\\\rn,\\Z\j3@؁Uw\yl\5\I6DMZPM\r\}\'v\\0awbi\\\^\j1@\\sU\V\mjq\\0Qs\\^\\-w\Y\4 L`Uu\쿓u{\Z\j/@\*\\܋Y1I\DM*8\\kTd\\\\0U\1>\A\\$Vk\VM\\!\"Ė\&Z53jBE9=r%*4h,@\Kq\z0I	ȏ\\\\\5h+@\Ĩ\\cN7CŦ\rM\)0\#?zv	K!FRiBSFy\G\νB\\Z\4\0Q\<\[\\r*8-h(@XA\FU8\\=pT\\aD\\PyC\n\S\4\0\H-\_R\\\\QQ;A	&j!?ʺ\\\\LaQ\Yܿ[\\z\Ge\'V# %?\{kk\0H+fEa|so\\G-*<\5 jTvih(\\\ZYGo#@XA\*g(\\j\0H&Ea\P1C\rEo]*>5 \\J\\\\zUM7 jP\k{zkR	\0\z \i,T\\:z\\nz\0\\\\ƪu\DNs\0\RJP`\\*\k\=~)Qx\Dm\T\\n \pj,xZŅ_G \myH\⢯G5#JLuV<ƁZT\n W,{n!A*	<@Ԉ(\\*Z0#;@XA\N,r+	RG\u\\&DA\`b	RQLD\r\W5Oc\C\\\\nS=$H\F5\nzj,ET\"\n l\-\U*\\\\ZSI\n(p\P\e\\\ngҫPI\n(n0\0)\i*S0\j*\4a\\0Qӡ\\0JAE)\\\8\_ \VްC19\_@e)fC9\\\ĹI@)\\\Pyy( \i FC1G\\\A*Pi\n&f80\\yj5s+o\\0Q>\\yj7\K\\0a\0R\YK\\,	9	 j0\Gl\\TB @J\?/WۡC\B)L`y\2Hq*P.1);]b5JS	RJT \HaGU\\r\ \\5J\[\\\[T\Ha܁\\*n.@\P(;<\R\T j&\%4(׸v\n|b`׺5\n\+\1UJUHa\a\X\\Z\\n5\n\H\0LbbC\0a\0R\CApI\B\rAB\ZS	kw9Q\UHa|$jNi)@\<(\< 8\\Z`E(@u3\Q^V!H\0Q㠐KT}\\腩d\'@\g9_2\A\p{ QQaHY7\ լ(#\$LaP[xca,-\T0\Sâ(C(fA!\\\rCT @ʺSUa\\M2T |	(\t\ZE:z\0QUs	\R\r.F0\0)HH\Լ(\"\$FIP\!\5/\P\\-D0\0)\Ņ&E5\x\\raRʗk\\E0\0	UNy!@\(k\\b#VY*` E1\0	 E5\`V`QJcdMm\"8\ejf\"\\0QSn\n\53\P\\}pbY@b\Rޢ\\\\>@\(\<\\\Z\ZeE`|0sOQʘ[\[L\K\\]F\\3\ j\4U\455\P!\\ypc*2Lr~\yP\c1oۖR\\\0a\0R\Y*1E>L\;@\({ܛpe\:@8DX\i\\\\\F\\\!¾?|\\3VNߡGw\5\0\\a/\\\\}Һ6 |,3<\\ۃC?Z\\Eyx=~\rU\F\c\\\g*SM2T\<r \\-/\u\7H1\\g\Um2&t z(\bdp\7)=IE]|ڶ,4{x\\C \\\UU=O2\\\ z\(\t3;=\~ʚ8\nR?\5X\\I_&\\\0aoQ,w\c\9n1q,;y\<ʸSiNHWE|,5wȚ;\\z_Hk\?\\\(\라^Dep{s\\Q,,\\'sXyC`\\\\\\	KzQ\y\*K\\zYY\\\'sXe9]Fw\Z z\(\|,[zվ\!=\nQis\gp\rVYܣ\ڻ \a\\B,G2\v^\\E\\ݙ\*L\\\5Xe]y\/h\\\\\a\\\\0a	[TR0\\ڻ{;sXe\\Fw z\(kL0\.^\~L\BT\\\\ ,u\n\n{\ns{a\=7\nak\c\\\\(E\s05\BwQ\r\\\P\n\'%\nT9nK]\\\\\\D<W\;Iz?RT\\ \\\^\'X\.\]\\F\\}\_\Q>K\\]T\|\\"\\ޡb\ڻu5\%\(EE\w\!\TK\\T;\n\.@\Q\1Ւ\\KJW\U/@)*snx\Q,o幠:	y[F\ )of*R \D\\JҬw\\oTҹ\(F\g\zam_\.j\\\\m&9[Fw z\(\c\\c\\\W:\'̢:Ҝ^\MVr\w:\'|3X\fzܝE\|\a\n=br\HCz򗻳RC =MeŮ\MUrwNj烫\0\Ham\\k>=J_\\wmsu\U\\UE\ZP\\.\n_\~\QsS0UZ#\\M\<]g\)@*\-\E\rң\%)\^\{L}\x\\ z(\jH\\u\MU4A\Tg@9*x8\nfJ\3=J^\:\q4\(@*\Ր\_\\E\(ay\.E5$wQ\rw>*UJ~kLS	\\\]\\g\0ѣE1gDr\7(@z\bugiP	\\\]\\(HE\>7\Vq\`\\d_\3V\+ps%\0уE9\KR^ʞys\\\]ܝ\\\%@*.\Ǥ\\\\\\\E\\0\cE9>&:=$\\\!P\nuxL\\+7wqMσ\W@I*|\9	f\Sp\\\]ܝ\+p2\$@\PQ\5twQ\j޳\%PJq&s\\\T\'\EA\8\Vy\zx\^z\yP@I>\\\ z(\\\l}_\\Eߗ\I*Tl#@0\\M/w\2*Tls kz(H\Ãw\\\\lê\\0\[\ل\\.ܝmX5.\0\EA>6aź^/w\RU\!@V\<QMX!\M\\\\|SU@\<3XX\KsV\<\'J*pCFw\\\S,@\3X5t\T=^ͫN\a9f*8\a\r\1C	\G	p0\ @\0Q\e4qA{]\\>\:T\r#@0]\\\\\E_@\\)\p*\rm]\\EOW\\U\:\\~\QT9h\\T$\%\(LE\.\\6\cY\\\\nS\|rT{~\XZso%\7\6\V\QQ\w\\z9qo\7\=HU\?&=\\p;A*Q4\z0UE\c \\\\տד\\:\nS4\zz\@=엻ߨ¬o\ z(\FՍ¸b7ܗsBLP\k GN/w@Ze<@\bՍb=̗?Ҍ\a6\\\<Ս2b7gMc4\y\"\n+x\\I\\\\1PJQMܢ\7.h\Q\\\9IXjQ%J\u\'.h\[\\\9IX\E\G\T5Cz\j^>)UM&P\\	W얒/A\W\@q*6@*\\*,ңl_\L\\k:@\\[\QU츠\\s\Z\yM J;KU#/.h!\\\EG\\$\zK\k\s;\5PʡIM\\\\^\:᣶\ Zd9@X%kpA{m9.w߯\,/X=>wFw\\kA\\\5P\nE\e\n\ÊsI=*@\\=?\v;2\\\\]&\\\p\᡼+T4:\DSnVL}$\ZD`\\\0Q\jt\\UJAv{L\\\E[\-fIwL}&\Zd7@X\0	G͒\\\rT`w\n\ѡDW݂jtܦX=\ \Y\qbM*\ GfIwjPQ\lR%\\\7P\E\Zp\,\^\Z\^E`%\s\7Pʢ9\ \Y\ݢ*Tͱ\Z ,\DfIwb5@HMH8j\7P\Eǆ*p\,oFk#@\Qt:T1\Z ,TEf\@}u]1\Z ,TEf\OVet\h衡$5K|.Fc#@\Qt@ԥ\h\\0\cRu \Y:\u8\b3@XC\0	G\\ߴ\\*\\0\#C%H8j\Tm!@0\0	G\\EL\\\p\, 8\b2@X\0	G\\\dM\\\1\\p\, <Jh2@\P;\9Pʣ)\ \Y:B<b1@8FX6G	-k\ \Y:8OX<Jh1@XC\0	G\\R\Utǅjp\, թ@ZB`:HKk\\ \Y: @3n0@XC\0	G\\\\\\*\0\\B=H8jT\"\r!@0\0	G\\RJ!\ \Y: @\S4\^^>{\\5\p\, \\[E C\0	G\\R\\D\n \Y: @P\08$5K*v\\\r @\Qt@`n\\\n\0\\0s\\5tp\, [E7 zP\0	G\\bʤ\ \Y: @,P4\08$5K*fX5=\'\Df\\0`M\\nk\\ZH8jmò zL\0	G\\bmX\ \Y: @LP\08$5K	*V Gf\\01A\\nc\&,p\, &ۆe,@	\$5K	ƶa=$\Ef\\01\6,\p\, 6T\ZA`\J##@\Qt@ؠRi\0a\rH8jlmò l²\0	G\\bmXm @\Qt@\`k\0\#BeH8j#T,m @0\0	G\\b\r\ \Y: @PT\	hS\\\|ዿ\M/y\\\\~\;@؝C͒\֣\lU\\S\&,+\'\V~\{\K\K\>IG\n5K2\\S۰L\\ [}ߋߣb\{^}K\\(;\,\;Lm\2 z@0kne\\\N\g\/3\\P$\"?,Q4\0dDu+˟\n;\/]Դ:C͒0E\\StKխ|pʤϨ\|b\*5K\\KL\)ATry\϶߬jC͒0F\\K\.^c$\V&\۱4\KL/\j\5\\Z\nv\Z\!AT\x\TV\\k\ey\9\\Z\nv񚓞 [Yo\=\졐CͲ4\\Kx-INխv\\P,0\0L&\V\\lx\YCͲ$\\$L̖ [\]\\^b\@H\ߡfYa\n\HKխ\~R\t)?ِʿCͲ\\(Lx:_e[}HtI\\nF\ߡfY\~\\(Cx\rx/8W%e	[]}\n\Ҍ;\,K8\^\0Ƭd\Z@`\WVDu!cX\eq\~\\\\\\AC\1~`e`Q\\\;UF\\[wY6̏_W\')\\\Z\n=\aIHխޤ*\\GPwY++n\0ST2\r @0˷lԑ\Du\&141\;\,\̏oQG%* \jՑDu䕃!C ~e1\r:,Q\4\0߯22\\nuuiX~e!#\\\n0D%\\0\=GEd\R	\\拓&c\;\,ؑ++\Qg*\	\\sj, [,\\ޤLu~e\c\u\a\$\0\9\;xG- []\nh?\?2C\2\\`/Av fkֶ\Du/TLf\\&~e\`\'=\8\Zs\ǨDu\'~&{Ajy&\\\nWXc\$\0ѣU>vZ4ATx\g2#g	M5\\ce崺PѬ\0_\˂	\\\`\\YUf\wYfA\QѬ\0dV@6, [t^{~\\L|W\\\P\4-?X1GE>!\iQ\\\ߡfez~p\\Z\L\1\\"	\H\ȏu\nY\0\-\1\\F\Vn \`\>EC\2\YƘ9Ih&@8b\\	\Aohl2 6~eIM;\\\\AL]B\p\\%\V@\ _}\\D,B\\9BS\i~ҼQ\\5-\ѓ\\3\1`&rd\\O [ [A~\B\T6Ȝ\([]ܬ\\\GUe\wY&\Z\Ǽ\0a-*\ `\5&ۆ2;AAG\QL\*3\;\,\\\\0\:ST6#@0\jL 3d/\Ӈ`|\\\\PLs\s\5`\fu&\0 A\'/VL\b*3\;\,\s\覨lVG`y\D2#A\t\y]F~e\f~\\r\5`\fu&Pјj3@\'|W\\Tߡf\m+?\覨lVg%@\Ē9\Gdj\Ow\q\\ߡf\e;?\G	-r\0Y\sQ͘j;@%l\'k䋶6~e Q\k*Y	n2d\MC#2%A\\';ӧed\\\P\0\-r\0\ %s.2\ DN_%C0\;\,v\\\0\2KE\'@0n\121A\>\\$ߧ~e\\ \0\I&j\T;dR\\t\a\O\?CͲmW~\_W\	* \S\\n		?\Q\\\\0\\\Plٝ\\\9`\ngm\- \	?\U\)\\\?\CͲi,?gT8k#@0n\)\	?\\ޗ.\%f`m;\,2La9\YqK.ە %~M\ė@F\j\r\EtgT8k#@0nm3A\J\R>ِʿCͲnR~\\\YqK$ܲ#A\\2*\%|VS\5\\\ $4E6㖹\d\h\e\\*{\rue`r~\21E6#\],q\#	?\\oRA]Л.\\hL\ߡf\\M1r\"	T3 #	?\\K\\O7uej~\u\r\@\2^[\Ui \yܼą\?y&*5\\ |P\#\\\Z	.\eO\N \] ދMl\;6Zez~\\r>ik\x	L0\ \\\0\Ll\\U֙\c\+\\\2#?\\@l!@Fq-U5 J|._\B\]\V\w\ˏ\\Z-F\%@0\4d#A\szߜ]LO7?\P\w\ˏ#Q1sAf\z\?\\ۘ\\P\1/?\\׫cd\ns\\\0&Sn\k\%s_\Vw\ˏy\E&֨tVF`9G	\\ A\\\\ߟ\\\z5Y\\1/?\K ֨tVF`\U8& OW\\\Ћ\\?\\\g:M\\ [\\L4>Źof7)\Y\T9&#@ \C2}J\DH83c\\tVF`\\H83%t{T:+#@0Ŭ H8C tVF`Yי \\\n tVF`C$\\0\\"\\L3c\0	\5\@,R鬌\0T2\U1=@~]\tVf#@MS\n\\Vg-6iK`稆!@\Z \Qg-\6Ĩi		pg\"@\){spԲ]\0kmU\vb\ 5\n\jMų.rJ\\LWUaaw\^Nx\E`\{y\U\\\^ma\@s\Zv\\`\0lҕ&ר\ I\& \\&$\\j\\i\6Ķ\\ g\ \\0\\0mȶz&0\TT\\ .P\n5=:\YE|\\&$\\5<\"@ \\y\\\;\v5\3N\a\0q`\R:	fǝ5,;@l#@<x\\a3:d\d\·lB`\W> \\'>5ӡ Ԭ+WDM\r\m\.Pt\\\\\\0q\9\\Z\Z~ɻ#\6ĕ\\\r\\ \os*B7\6ĝoQ\A|x\d\Z~ \Ty\Z~ \Ty\Z~ \^҃\0^F\6ğQ\A\0V\d\ϟ\ V\d\۰a?\6\!\&#\6\!\&#\6\!a&,mCV\{l\r\0\F8\*z;Dl#@\"@\ @\"@ =5(<!@\3\'>\\jPxrJų.\$Q\d\\jPxBl#@<b=\\=\"@ .95\'\\!@ .=Q\mM\p=@\\ZS\\0A2AB`	ĥUϺlȪ	|QkjLBl#@|Rg,Dl#@|\(a\0\\\\2B\\0K >tVF \0\Jge:P\rcjJ8\YXqR鬌\0A\a\S* \BUn!\Jge\:,\8\Jge\ \qW* \E\X\J2)5#\Q鬌\0A\'l\uMntVF\\\c\-\ʌ\I=JԈp\Jgea#c/S#\d\\WV#\d\)=ZԄ\\Jge:z\a\/dԚ\na\-\`\Y\0ᛶ\Z5 \E[1\\KՀp\0\AOq\)fSᬍ\0AgGpF\T8k#@\\KU\\n3Xp\F3\\\b\3\\tW\xpI6\qCV\%\\t\C\`\Yם\'\\\ngmV\x]\:w\5#\ \BU	n\\\\\23|\7#\	\\etgXB\\\ef\c\Н3r\0as,\s*\ \C	.\\\fu\xJ\w*\ ȃetGXB\Ne:p\\\\\fu2a\\T63 Ewo;\25ܲr\0A6A`\0\w\aB8D蟕L\\\  qI\0P0MǬ\db\'@؆D?Uc1\d\Z\\T\LE>11H*\ \IU\nf\f}r\Vw\\=\\\'	CPQj&f\\0\ HALc\0c 2\8aB\0\I\8n\c0s\PCi\0\\\0$L\\\(Jrcb(T2\r @\ר`Q\=L\'	\Pł)jg\\0\ Hܩh(a\>n[x\XS\4Pp0\\\a=;\-聼TeFT\r\0T0- @\ \0\0	D\x\nLx`Z@\\nz$v\\nD\$!L`EBL\>\P8ng\C1t\T7U/TAv\\nAba\&bQ4\0Ao8bG@Q4\0ATP\ZQ\\@?_F\\S\>\h^\"j\\.^[\>\pT\P\ZaX\\k+@\\;*c+Kxm \p*ƣbi~q\'VE܁\r\$VEL`bi\0aV@| \Z>MX\mXv\Fdj\0Y\3B(g(LX\`+@X	e*X\0	I\\\ۘT* @P\0\ ŽLT\ZAU5`lm² l\\ne\X\0	\\&,k\6ٽ\cG46aY\\\RX@K\\np)V1,ǥBiRT\\;=pBiRXH/\m\2 \\	RMX\mXq1o\\MX\9\؊\;AʤJ\Nq{l*f (ͼ\La.@XEN\CFP\6a\n\\nX=bVp\6a\U=)DE\nUe\s\\"Hx$HOȏ\T$\ @P7\\x\S\^\n{@~\gn\r\`\\0$;7\\Z\0a$Hf\G̭A\j>di:Hȏ6D\ZB.V̆\`o\r\b\$\\\\-\`+\Zao\r\b0\\bef@ZB\"3\*X΢[M:\y;V\\͊pbCV\[Bt@~\\\Z\\0a)$H2\)* ID~E\\\*zc%<Qn3@XEo\KU\ѡk*氚á\%q9* 0#K\G{Tm!@`K\K`A*\A\ZD,h\cVMz\#fzb\\\0aM,/\\64\ZC\bQ*\\r6\[8S8\ɏF<Fh6@XEog\ng\\`l[\r\\ŉxTT!@`\r!S0}\0Fk -c\ZkZft	\l\4t;\Kft	\l0\6vc\\\Ʃ,C&\\`\T\1 ,\\\U\l\޿GVY] ,\#g\\ڸk\	Zeu	\n0պ\\ڴVV֩(\CA0\c @Zhr{\+!{o_H\T\ ,4n#@V\8[ŴAgH\\.>*\8\\\ՍB\^@N5\ \V\\\\\\Ʃ$\ZD\0ip1}}\|\8D m\rw55\]\\] Aڶ3@Z\\;2{\0i\nE\ \\\\\{\0i\nE밚6 m,\Xif/\\Z ,4mB\_\nٵ!H\\T- \a5mb\>\cD)rA\H\TM2 ,ljČW#Y^ \fҲ/Bf\ҶUCLsX- \"dv| mS1\0Qsd\(2/>\d;@\\۰y2p{s!\L]:\F4\\=&E- ++W;?~\֕\ \rS-4\v0հ\\\'㗖LF4L\(\\F\v- nC\^`| -3\|Үd\]\C]@sX\Z&@\rC|#@ڥBh/\K\r>\ \R!\z0լd0\ۗ|#@e|\|0iVBʺyɩMHT\\"@`TZ͐e>F \R4\|U\2`.C:\\0\*\x\[\%@θ\z\5\c\0i\x\sX\ g\~v\\޳SV\w!@Z\"h\\\5\"\\\\݉V\e?@\\ۨ<2Pg \\wuz\(\x=CFe3\Ur$r\\c\0iJa\\Z 뮾\޳3M[\"@\Zh\0a#o\\\\\"{ Â$H\\`y6򶩟\0Yw\շuF뚳o\XG\&^\Vz\r\\k:\rG\^s\F\M*y氚\{\	A\\=9\0ic\9&\n-$\\/\쳯暽CJ:\.\\\\If\\sXM* v MR3\E0\\"d\\"3X>dMO-!@ -\0\#@\j\0im\"@ \rr1\$@\j\0iКm>!H-HT#@`\0iJqN\0\B\ECN!H{-H{T#@`\0i\nu^9\ [\8r ACl!@g-HsT\\s \a\0\B\\\0a\\Zd\\Z=El!@Zg\0a1\1>\\Z\ A\ZCl!@\Z瀣\0Ễm!@ m\q:G6 [\G\V[-H[T\<\ \a5\0\B4\\\0a)\)f\\sXM!@ MQsU0\d\O3X!HK-HKT\| @`\0i\L\ZBl!@\Z\\\"\u!HC-HCT\ @`\0iJ\9v [vw\0a\d\:/GA\UO<C\:2\-@Τꉕ\\#Ax1\ \a5\~\GT=\g\uP̹\.@XF\\w֞={>ꉕ\r\S\ud]0	\˿uP-\T\\ʙO䜟_	A\A_\s6J\E2\[\\\\n\\/@XF\n=6zbED\\rVD\\1@D\χ\\\ټo\\wH\9\0@8\n\\\Z񛪟\M=\\C !H$?crzW\\\Șo%CBQ\\0AES\~N\y?2ɷޭG	T\<\ \f\/~6\\@x\n\!1;2\1@\\V\wi\\\\t?˾\0T\\\q ,;\COQ\\\T?\gz \\z\\\\\0a\\U͛\~6\\\\[0\\Rq\\0AQz\\ǈټ2\\e*\/7_|\\>\BSW[]q\Nw\w\Y\K\^!G\v]\ ȺǱ8<Qis\i\\/\\jY7\\dCq\6@\\c\Qm\\\X\SX\r\E\};\\ǶTm\W\q,\\Tؼ\\Z kz\\\?18\rx\-wU56oC>C,	x\-wܷ\ʚ;net\6q\\\vΗ5`\=n!u?>wmX\o\\\3\\"0KE\8^]5\Ц5=.\\\0\\\hߓU\ЦFO>|Z&\Ĭ\7\\\]\\7=u߾u`JCl\0>Ȟ\"ڰk\6Z\>\\v	\u0\\\\j߾\绰a\r}Ϟs\$n\"B,RA\\sל\\ RUaR\0!B,rz\r\:\\Ę{F\#O/UцC\6 D=*g. \}\\Jަ\\ɵ*ͺVK\$B\y\0\;@\\k\=\c_}{JuY\ɓ\$[C\\p \aY1^40\1Bm\ځ1C\\\'\\N^ڱ\Eի\AD\'jn#BL\z\\\Āu\cLU\\A,\XC\Z59\<@\vp\DoV\\E,K oV9\'\9>D8\<@\u\&I7~$\)\5\mRK2;ykOeh\nկN\Z+\EXÛ;p\Z5\\;\=@\\J\T_\4}\\C\F\1̓ף2\4WMڹSU\W-m\\\!t2m\r}{zQs\}pGT{fɲ\\7Ar|d\Z\Ԯ(\\!\!\\Uwf˲\\F\,x\M\1\aBjP\\)P\u\'Tu\Q\\+\s\\\>w	d\E\c\~\0 @v\s\dYU\A\'\@6R0\	K:x\\"\U\\\Z<@\\THQ\ =R,7\\z\0\,\\Xy!@\\[wwR\r\敪\\25\\\\\]H\0aRȬ{K&\3\\>\3Xߥ\F\T\\ \gR\݋\\Z\'@ژ\\\wt\3nݝ!\\"\[TQ\nZ\\\#/\bCͽ\ju\\*My~|GK.\\~\\_}3j<sXW6\Jnf6𵩞t9$@\iέ\dk\\TSr~|7\\\0>\D	 Yz\\<\a\yjCީ\ьI\uz\0z\\ٖ߻\XG\UUm\{\\;R39\\rQ\\.Jp{?\\2ʳ\\2z%\\\r+\k7D	 Mu$]\-[?M;f%*[\	 \\\\\T\::Suyл\`m`%Q q!Hv6_\4\m*6쎺\`cq!H^\g?vT6\\]F\\Q\	df\0(@dujGg7\\\c\\dJV\0!HFI7_Mi\ST[\\Z<3X\N𩩌\@\"Cl^p\\T\\|k>O?L3X\nR\@w*XD\n R\\#\VC	3\"\6\\\\r@BC,Q\\%\֞U^ûP?|3XWA7*W!\n ܕsj]\|\\]u>E\E\#\\"\\0$V0\\\qg52ɵ\\.LcebC\0a\Q\;\\tU\\>]?\3X\SOAP`\eӽ ΀t\}::R\n\"X0\\"\\h5\q\L\Z\4V\' \!H\组߬\"\?\O\\\zq(	\`\/̐\(Ȟש\\1\βىzL.@:z{Tk}ϫTf\z~hg,o:^%p\$Iۧ\udϞר\\C\\p$*Rq\ 	[U\_h\ޖзܭ% K\\\ٲ\a\^Gf\\zZwHS\n$`0Y\U}ʶ\c!e\@K\T\\r@\"C\<zЯ|C+UlR? Y\nT$䔚Iՠg\N0HK:\	dT\" A\\|CA)3\0G\Py\n%d0YT\\Mv\\y\nn0\\\ˠ\=XJ_X\H\\0a\\8j[!/U\v\y	\\(XbCܭ\ZPFoyn \\ہ\[\sq*}1k*N\ xTU~OU7\\O\A6c-D)µ\\\|{ɸlw\<_e7\\\\\=q\]\)h0\\"\\;L8l/o\E\t\~u*L\M\\0!A\(}wD\!He \ C܌5\R8aMf\\\\\d@\GeQ|\02\:&\nxɆ\d\?v\9tI+Lj@82R<qS\\\T\\s/oخӣ.\6\.yp]\\0a2M\\;eDYHϺ^k\02pƨ$8@\\xةb~d\\\\\@7\0\P1\ A&z\\:2G ɛE\\B&SA(rpp\ע:\\\o\\u)\1Wµ&=C.r0W;?r^\;\)\ne\[\\Z\\Hqa\d_#\wAֽRة\\gdR\; SPO\b	w*{\d?M\*\.eΏB\"\%\\0$x0\\\uex>\	\ ;<@8M8\F~\\d\md^t\dT\3\Cm\\\=M8\s%ڷ\_?zgw\"AFE=@\ʻ\&ջ|\\p7ow	Eu(\\:\=?S歼sw\5\\\\;ݼ{} |0\~\6\^G߳\\U\|ɐ\MIߠ\"W\0a}\\k#\\ݼ߬\lo\"A\ \O$\X^\\\S\K&\f\\Z\\\\GXR\9Z\\\/u\zߏ.\y\usra\\g\wkS\W\Z\\'||> {\|a\׿j^\ J\\'&\u\#zQ\\\\\O\\{\L՘\\\}\0iz\^fkz\ڳ\csyw\38\*u\&\\F4~^e{\ڳ\JkԿbnV\0wa\ZXAh#@\]GO/E}%\\B>\\ NTGlN+\HX\\=6I+!\>[rY\Z:\j\D\Jn\	_˻\Ls۱ՏXC^\\\n@+\\\\\\Zx3!\zw\	um^j^3\`X<@Swbm=37\l݁5\\-Qщ\0io\\\_\>\\&B}ua\\i\;P\\\n@;\\\\z\\Z8\\\r\-~YZwd3Tr\Z\P4v\\\&H\\;>|\Ǿ}m\j\Ⱥ!\=zu\udݻ\/lhk3o;XmHK	b\R3\\\TE/\\\|,lh\*7Mh*@\9bֶ\'ֽ\g}\\?\\'\'XC\r}# \\nv Fo\D\\\{!\\\Q\\Ǿ}kƧbӆ{\$/l8\\E^\η8Y\0תsFRӈ\\ \\Kv{ݕ=gȅW\uc\8\W`M\Ƚ-4 MA,o*\\g\6\\g\Z{Y@\\ƭX*4h-@\Z8\i}S\*N\\\>\Ux!P􆎀k-@\Z\r\B3\l\rW\\c\M׫\\\V~\\	\݊\'\\[C\/ڝ\e~4p\"]E\H\I\zSj+ָ\\#~ە,q\c2_V/	$\$OLU/A֝W\߮x\\\\W\NN\#\Aj2@BOb9\}ryg:\\~\/|\O__~+\S^xf\\\\l\\W\\0	<\tdC\ͼ9Ώ\\ \M` q\'}d!\\w	F$\$\)|\\'@vH5 A\'\\|p*y}qw\=\8\jĜ\zD/g$\\#\2HX\H\I,W`MB\!?b^\ҚV$\$\aΑ 3ȏ}nS\r\	v$\$\\z9\#A\n\ݯNFX\rHI,\;xG Sɏ}\\k\PQiOl\\\S \ɏp7:\rĚ\\\\yH	\"\Ǿ}w\\\V\i\*Q cb\Ǿ\!\\0	 ޏ\L.\ϟ	t ]\IM\)u\0\.\Kȥ*XwK w\wJ\IMH!׏H\\͊#|ߟ8ى(\UL\\vIH; [\"\GI,F5 !&b\\f\S\\!vb5=\|Dܯ\1k\߯\'\qw\k=@$H;&!A\"\G;TF\|?\+s5 \\~\#\\|x?\\\\Z\\p\(\߷m}\0P_p\^ŰތsՈGԍR	i\;A\ы\SUL\yc\I, 䚺G\\0ե\\\\:Gk* -#@.\lM._\\\0 Ȑz;\Wз4x0\\\x\0Y.\M\-Mc!^\\U:\ZG\yI+\ۚ\=\\\\\Go\nM\\\n_ZXA\\\4V+\W|p\0uObA\\4VC\W^\\F\\wI3+\ۚ8T\\\\\_a\0\\n/o\\\\\c\zui7X\0\DlQ\\\"\-\3?\\\]NOd:\l\\)\ \\\\!uj\'T0@rr^9X\j+/ \N\bbB~y>: #Q\!<QcjGC ;ا׮Y\!M?cۧRu\^A\kؓEH\\1pu\@\\c3\j|\j\\m\X\0ى\0\\\y\\.1&\M]8\\r]\\S,c\0\RW\\\\h\"M\u\\Z\B|/#R\6L%[1\?\\0drN[׶\c\G\\ \/ܤ\3B\\Qq\\/F1\0\6wr[\WJ\#I\alb\02a\1\\\\68`2E@\3E|LazD; ^HM/\v^Mgx#\ ]Hg\02s!\\,v ,OFL~c`\q\9\/~,\\\\,`d\Zuk\a:3Y,}\g\F,\FLc\#z\0\S\r^\f\a\R^!@2~B\\5a\(\a}*d:\\\5\\r\\\2~+ܧ#@fP1\/\'xꛫg\92u\\\rQ9\,\@fܥ!\\<sCLB̤.d\cX\S\\\e\\:*\0\\7\9D\z\\NR\L}#k(6\\U7nug}6dC[t\\C\7a+K\p\\<\IpIᑉLT0\r2R}\"\\o;\'ks\ۘ\\AuT02:Smw\\B&OE:\\9qّ*\0\0\\Vz\z$\\\o\\\}\\k>d&n\b	_O}\L%ÿ\\G\\\\\"?@,\\f^DX\S\\'\mo\\K\\3?@hc\\\l\]y\j\,xB,F{\j\r R%t4\6uj\\cdQ\X\ע\ \aW@\.\\\\\ª&^+\rU\\0dq7\^\\nhD\et>8d	\\AU@#Q\/ K @Q\8K\h\q\\8\0d)\c]\nh\\\U\B娓vX\Ќ\Ӌ\ KR7+,4H,\X,u!\ZtIzɱ(dY\)B4	9\0,di\\~P@S!?F,\\\M^/@) \\\BfФ#z\n\\0a$E\a*:E~ @<ηlѨ{\\n\$H	\\ZUpHC$R\3XhV9,\#J=w\`Y\\\RcYH2u1f\\+ \\\\ZVfK/4Gt\׫\&\r*2\	.\t\\oР\\Z\I/3R \\\4=ҫ$H7ꄽ\[hZ\\%ԋ4HG\}9\h\}z\z\]Ц\zz\\ ]\ W\5\Z\\F^\+>\&E@ӫ\\3c\h\\\ɏ\zK6\yz\#?2 @r\+A\;4\.9 Y\ \ͺM/Cf\GHk\y\\\\F\5\\0ɤ\&^\G&H.=$\!A@\\\\Mu\zݤ\!\?!@\ɝ l\\\;\!\#$\	r^ iAȏ\&#\~ȉ\0\*k\1B` \g	ɏ2&K :9y \K@uAȏ\\\U;\.\IȆ\0\O+.\\=W+ȇ\0遺kGzy\eK\'2\"@\	k\dY\ˉ^\vq\y\Kх^MdE\C\\\0\{D/Ez1\u\t|\F\k\\b	آ\"\Iȍ\0\\Iu\4W\\\q\\rҟN	\1B`Kɏ =:\\\0n\k\^G\\0\Sы`߾\z-}\"@zt\Ёz/\\\{E\+\r^\Fsn%&k\\yɏ SW^΃zo\0ܧc9z\\\K\k`\^\Dԝ\Z:ތe\\C>RZ5\0\-\\\"=\\\Z\0\\ҫ(Adp;Ò7e ,\\\Z\0\.ҫ\BT\a\\C\rԹ&,`\ {\\&,`ŷa\uCHIn\N\\0Yt\wK\"@Zp3\\zg\0ȣz9\`UQHY\\~@\\0I/\ll*\0)l\Xze\0lZ\R\GaHq\\3	cb(\0)O}\\\0\2^0CT0o3\\zc\0l_\4l\0a\f,>G\QB_\@T1{)1Sd\nu\\W\n#@jQǟD/mj\n \L_J\`^q,TC\3\T:\@	\~a&\0p/0 zPR^\`\\ zPRפ\0ܣd\\"@*\1`CzAF\5B%Huz\`\EzA\B5H}z\u0j\ ^ \Ck!DQ\'\\ \X\0ސ\r,X@ؠb\0&\Z=u FlOc\9)`\\0a\Ċo\9)`\0\\++36\\\0;\\WDo\#@\x;\\\`\6\.0\0d}\Z\D\Gљ\01e8\\\$\\vScz[\0\p\+kkN\\\2}e\rb\꽬\0cf\Ġ\_WW1}ebѩ\\\8\\IMX/}~\Du\nvc\\\\WF V:xDд\,Į\\4\:\\"@\Hw\ \W >&F@\\\ima[Gw\\z\\\\ջ\ \\)4\\ݬG\w\ 79=\\0\50\\0q\\\\y\	ćU.\B;y\	ċ\T!p\*D8;\\\ɻ 8 \\ 1\\0\\\U\\msu33\^\r\6\ \Xp\0\3! q0p\\\'ĥU>wHe\\\I\EG~xE\wB\\\\\\+D\0\\\\b:;~W \ˎ^8\\%\ Ν<Ȏ^8\\{{,å,G\b:b\<$Wq=\\\\\V^LGX<\0	y,\UH\cf!@\X}#zE71$\`\M\^B\r\.\¬\^CʹB\\xpN\{^X\e\*$\x{\"\"@BbK/La\nPHL7+N\\\ݠ\Tl8t\:%!@\\T\ޒ\\8\8\\r\j_\zuD\Dz\\'\6E\\\N\˷BP#\G4\(\aΝ\0iP[\ZA4\\\n=;µ% @^q\\G3A\\E|4\0i\\rws,=\\Gc\p=~\0i\\\r\q=8~\\=7p8h\\"\"yh\&&\\,U,#\>\ZFAw -[\s!\\0w\F4\\\p:\ͩ\\ \;y\,\"\O,.{ǒ\\] Xw\\En\sQ\"@\Խ6\0s\G|`Y\\0݉G\e\\0\cW/f\\F u\##|-\n; \\\gn:\\v\"@!w\нk\ &\V_\-Yu׳\q&b1[LD`\nN`>0VowoEadOV\.,\0\\n8\\ot\\w\\u\nԛss\G`aHCNb\ @!\`\.E`Q\e5$>X%0	B`)7<\-\'A3Xeo7\ SWX孾*;\\=\'|`yb*+\\\I:\YLe\\ \\\\|Pe.=7\ut`9ĩ#_W\\rV_(sQ\ \\\_bIݑ\v<N(\-pe\y \\ԏ2\!\ ȉ\$=\N}b\\C_Fz 3}\!\e2HV͑^+\\{/z\w/R	C5.\$7t\ocso5\\A=\\'=[\e\'8\?X\@\p\wob RЉKQ\02N}\#D8\\\\E!\9+Du\_a\r\\\'Dz\\g)(\0Aq\!f2;\\y+G?x\39|\2o*Բ\r\0fut\_\nU}ï0Iu?=F\n՝ԯcMdI}*k\0	\\\=ul @`\\_|\M\g\t\\\\ħ~E&\Z<~B	\0=k\{U~{\r\C E\\"@`Y\c\\0yk\na<\\\\\&;`\'~\;_\Z9 @\\\O}\\o\r\\\[\?ŵ$\\0??\\\G\Lj8\\\D\"@\\\藼#\\/\\\\\!@\\\\|\#\'\\_\ѿ\0xE o?\'\Lɉ\\W#@\>\\Wؚ\:\\W|o/ֿ\"\?\\+\XkPrb\~\@X\Z\\\o\\	\\\ַ/O\\?\}\>\o|+rS>p\o}\ 1>\Og\\0ZA\0\3?\7\~\\'\\[\8\׭ǿ\o\\\ro\\'>\\\o\E\0\0 \0$\0 	\0HB\0\0 \0$\0 	\0HB\0\0 \0$\0 	\0HB\0\0 \0$\0 	\0HB\0\0 \0$\0 	\0HB\0\0 \0$\0 	\0HB\0\0 \0$\0 	\0HB\0\0 \0$\0 	\0HB\0\0 \0$\0 	\0HB\0\0 \0$\0 	\0HB\0\0 \0$\0 	\0HB\0\0 \0$\0 	\0HB\0\0 \0$\0 	\0HB\0\0 \0$\0 	\0HB\0\0 \0$\0 	\0HB\0\0 \0$\0 	\0HB\0\0 \0$\0 	\0HB\0\0 \0$\0 	\0HB\0\0 \0$\0 	\0HB\0\0 \0$\0 	\0HB\0\0 \0$\0 	\0HB\0\0 \0$\0 	\0HB\0\0 \0$\0 	\0HB\0\0 \0$\0 	\0HB\0\0 \0$\0 	\0HB\0\0 \0$\0 	\0HB\0\0 \0$\0 	\0HB\0\0 \0$\0 	\0HB\0\0 \0$\0 	\0HB\0\0 \0$\0 	\0HB\0\0 \0$\0 	\0HB\0\0 \0$\0 	\0HB\0\0 \0$\0 	\0HB\0\0|\?Hzzz\z\0\0\0\0IENDB`'),(1003,'malharchaudhary','Malhar','Chaudhary','malharchaudhary@gmail.com','8510452045','chaudharyhome','Malhar Service near Powai Station','Mumbai',400001,_binary 'PNG\r\n\Z\n\0\0\0\rIHDR\0\0\0\0\0\0\0\0\\0\0\0PLTEU\\ݫ\\\DETܴ\\]n\f:X\0\0IDATx\\Ϗ\H\Kͺ\0\\q\\CQ3>F#yF\CnH^\7d:\ZEY\]\z\U\%\Zͷ\O\^C~Ml\Frx;\\&m{&}gZ4A=n)\\6\\\\\\V\\O\U)@2\0;*R\\"\AY\[r1\"6pfw\c\Lj[ٶ\\8\"a.\\'dka*\3{0۔#jٖuF\E\\\'>\|L\Ӊ\HE\\\\8\\\|\"\l0S\,٠\\R \\\3Qn.\lF6{ل|!\\T/\!\"L\rJ\Z3a#Ҡ\rJ\(\\\\Za*\rLi\"LqH0\˄&\<\\\r\ތ즤%p8\r-\5\"LXBZ4aB\gҪ&l%!	&I\\\"L j&A \\\c\\0aJ\)\YS^\\ZaJK\Cr\6\t\,)#;\2ٱ0\J\1s\r\3U\`\8+sf!\z\t\&$4YG	\B\\t\\SX\\Z\\\´|!{)$I\ra\ia&|&{\-W]i#L^9\'!\䔤z\:sFzaY-\U?`\Z>\\ZaV\QoaV\i`f$o0{Q\5f_6\\jm\`N\BŲgLO&[s0\3!=tMɔ]r\͖Ґ\5&Kv1\\x\8`7<Ɣ\v\7JAx\8fȶF_\\K\\9?p\\\lc\q\3Er\pnܻ\؂;\fF\Z{w\Uz|0-y#JuV%\<\\\"̜62\\zHa6udY\0\\1}&\T\ޖe\\*6\DTE\u@\\>m9@\'9W$޲\<\rM\r\-\r\<?0	¼\\_\\\1?\7y\rm\-e\\=\\Za/R\\\3H{zx\n\\S\-N$J<;L0	\\\\p\\o\0\\a\\A\P\\,&\\P.\@(\q0̻ \S\#\3HW\'S>[BeZ\$s!_\r\2uL\\\h\\\,˳c\n\$\,\Z@W;L)Yذ(/AVgp\>b2LIǌfpf\ߌ\0\]\r=s	d0L\m\;X\'\6dS0ŗi	d\)0\Ef*aքi<v\sLJÒ)i\\n0L\E\$ﵜx\\\m7dK\\ؐ\\\,Ze0L9\H\i1.)dN\\\T;,ct)o\2\\Z@8k*LV\סxZDV\\ݔe,LuQ\TI\k\8k(̹Z6pJ,W;\5k\՛0\k\\JKz2=\\CaؔI\\\,Kʾ.Lb&LɎ\M\h\-/\\0J\S2\\\Z\\\̢#\m\0]m2&Ze1?\̢\\gs&\S\_\^ \3l2\\&Ay\a\\ߘe\pq=\uf\gX2+_\\8Q\KʹHd\I0%wr;!?\=A\wU} q\$DfX\\?TU\\\L)em\]	m>w~a0ee۱l\\7)\`\:&Y`\0\L\90\~\ak9\\nomL\\!\U\\,`ҎIwh w\\$ϔvL\Z\\\\ϯW&AH\'Mc`JFY\0<x6dO_+\8kLɅ\\\\$`}\\|U\4_~k\\\R\[4g8,eoa5E	l7\\\=ـ	`{\8;4d\D/9\\\\Z\\\D9\\\I\\0)R@P^\(+4\r)2\%0w\Vw\\/4\r	2\0z]G\\I\\S\N\\\\_*\\CziLY4`{u6Y\\=`B2&O,J!̵0\@0\<\\"3~IS\Z\ZsR\\\`U]u~\%茀I`\\U\ɒ\\緗,g\\\00\\\;@m\//e!`N)\rK3\{\0A\RvmrJz\	u{\~\)\\k[9\\m2`(LzS\K&\\,Lꁙ{gio\Ü\k\>@0\\\܌\ΧO\\\dhF\\\_\ߥً\\޿\x9\&A\It-\js3\a:0深\kf.x\\0=s9L\j`\\K* a.\`*r̋kt9C\-\!\\g~V\h\\f\+8XW\'\00m\.,e&\0L3\\eOp0?\0\\\\\yYipCɳ	r\(\\@_\:Nf\\\3a\A\\"\\&\\LL&̉0!\\,.r.\'\&\\#s\zmrCmaN\`R,(\䜮.زp\\Z\\\̱\\\tn\,\\t	R̦U7gAn\\\3{\g@DW3\'\\:I\s\{x\Ä\LK\\\&\ԯ\"i\m4H&KT\\\\erf#.JN[2\Z)LO\4\d\s/lຟPX\0}\¬	k$\y&L==\Yg/M`N\\\\a\j\'i!\JϜf:\\'\Чcy[:\\ZVej6M4I aR\1\\̜C<M\0Lao|#\Gk\n\DG\\\\0[U\8W|-\r\!¬P\\\@SJ4\&z\\\a99\p8=+o\Z \\`*\\0E=@D\ìJ#\\,\\4	\\$~\fY\T?\ >waOQ9Ĩƾ\\5?p\!\rE\\0\Z3 \_ǫY\\\L>\\\XI\\\D\~﵃\\+b<;\k\9\S\l\\\M;p=2+:\<\#_\>s\q/L`\&iQQ]\\\nVW~0\ô\x\\\'\\9!\\"9R\\'\\ς\}zu\\0aY!\\\\N淢\\kLO\*~|W3L\\}Vg;q0_m`\cy9\j82\\\y\n]gf0_y`\\Z!L|R2/0?V,3Rό\\a\\nkg:\a\3`59WS\\REΌ\s&̡f0\na2=өX\\L\n\B\#g:\ \faޞ4fs93bL)GJ=өș\:\Qs̕0P\~M}δf	L\\䁧\@\@,f\yQY\\f\\\\[\\M¬\]_U9Y\*r6o#mPG}\\<S\8\aW@\=\}u\rH\4\I\2>_n36kIǸZ\=AEuz\\~Y3l\\a4\\\kQa2%\~v\+k?qs\M+\e\_\na\\\\'\8_0B\a\\\16*y0\</5#\=k09V\'5J ~0i2+wv\"K\'\:b\\3ʥ\1Q4֚<ƲGB\1H\'Zỽ\\\r\|\ݴB;I\K\\\\f\0L-0ehn9;)K\`\i2q\_.d\I8 <a5(/1U07\&\H\;Vi\\U´8(A_0y#\W\0\l0\vi2tJFN\0s~k\J\"Cgh%᧿ZP&L\1;\c2\W&,\'ʜ\rfoz4޾`\Z\3g`\Z\\0̹`6\\'6.\"\Z`މ\\\f\0LDT0\\3P&\gU\8\20\\\\ns\3&)H\@(Պ\\\"\\`Ϊ\\\4m\M^ĠL\\ O\9mxK5fżL:h5{\ϔ\ZN_sGd\ΧS	4~\_LӞ)jY%\e\8\9\\ϧ\\r(\e¤&®̎$>,jPne\u\՘#<\2Y{y1Ey>3cy\\\̸EdRc\'\'L\0ܜPR~\\o\?{*\pj(a:\\\\\\\+\p\\W\=\\y\<y\̥\M4\VS̖<W1\\\T)\iWe#ټWǘf\l\$\\n0\`I-MOI\\?͜z5)\vMA\03h+7u\\*\n>\NE\`{\nӣP\[\%if +&y\\^\\F\)2Yzk-+\\X(93\$\\5w\'2\\7v\0\0gR\Q\0f\\\\ܝi!3I\a\OLk`e\\=K\9\\\\\3k2+GS,\\\\\'\\\a\\'}\6\0stWr*\'\\V\un\n\-z]B]i]5gq\N\\1T?=LLW\ao\0\0i]0\9eu\0&\0q1\\@\\FѤ^ǪK2DcKt-\NRX,\\n-yPwg	;ќ`/\\\0\^0)[Y\\\fرm\"8\0\\V\9C/\6\\pVQ\\\e\?cin_\O\=5\H.09GGñ(踮0jf\,\\.\rU\i=0\X[\\"8\0S`\q\xim\\$Lk\3;]0\m{7\=4\\LA\\/\\0SpxХL2gAIޅ%(St[2	_\,5\^\L3qng\5֦̭u0]015I~.\0L\\0(wҗ>֩L`j3Ÿw	_!>\h27)\NySfvS\\9\nqi\\\+a4̜Uǌ3SvejsLR)ߚڴdy9k\k\7VqZCP\Y9p\\#|]2,פ\\!\J9\\\n/#,h\0}\L+e^eZ>Wem\Ϥ\$$[4W@\"\00M\\U̳U${\0\Zz\r\W\KeRƘF\8\@ӵ\N\8*\J\\wBX\-\As0EY\\!eГ\\l@$hf/\t\4\V\e&MB-*|\5@RP\\Zh~Y	se\E\\3Ke\U櫕0=,/z\\\\Dֵ\\\\\e\x6-\iŲxb?\D\N*+uCK}f\k*3Cq\\ni\T\7l\B$.\҉lY?\"\].C\4\5g\LDo\Ou5Ӷ\\f6lVvH\Z-x>7NW\\0\mv6\\*K|\ڬs-S[\sj\l\(\\\\0LΡ\Zk潠\7\rm-\E\\\\\\<7}k-LA\єf֢YZ5֩\-R,d>>ꁙ\@\Ζ͕E\rT0z\É{gT;bLe	Uf*N|\\\\\Z\\\K3&V\\\[0\\Ǥ=\r\0fti\\G<\r`\0ʆ}#nZRо6\\\yzÜ&;:6\&\ CA\g\^S\,z2l\iԹ\\,\?:@\l)ہ:\\=#\\U\f\tP\szajgNf\;&1\'Li\y\uc\O#\4U;P{\\N\7fr\\j\wJ\jk\2\¼r\r%kaV\0`F\$k9S\m~Z\r3Phd\l\F[LK~\\VV\\\0\\Ni\\\n\g,\"L:\0%\"a0%\\\a\<;w\Zڌ\s,de/qi,)\v\\\\&\\\?V\wL\fԙ\c~C	0{;c\l\\\=̞\N\\JHSF\\+\oeY\M\0{Kn|\\v0~4G\\n4?\\\ddf\0\\3/Ci[0?)\\\j/N_BNӻʄ\\F\_\V	}\0\\0\GX\"(LB\`\\\\&4\0\>7\\\r?\0S(m\\\x`\"^+[B\KJ0`\\5`\">7,u\p+\#\3K>\\\nD@*\\nJ]a\"aaSi> iMf\\0oң˴\Nlf\,\Mcz\C\\\ۺV\?9yFҌna\\0\QL\\\"\\\܉\Lإ\@v\r\ʶN\e\q\\\DMHPwS{=Sde&j\\ń\'&3\\\,f\\n`\0٥\0`&/\5d\\\r\\\o\\0\\Z>֕0ޟ?|U\7֥b0;\yy\-M[\\'VvA0ߥ`\\\\|ŁE\snx\|.\F\n\ggOnPj`\\`r9\$\'M=\\\L.;Br\\=\c\\ke3R&RSn? wq0w\O\0s8L_%\Hf8\9\0\eg9O\]\t\\y\\ \W3Z \\0a\.f()eD;a	qH\i\\	y⵲\	\L)HL$sP\\0ia\y\\dh~\M@\Ra\\\.\L_\r\H\n\\baR0\L.\AV\0+s`\ZSJ?\9[=3?`z\\\y\\j\0`ˆ\.\o㔉\a~.&\v].ePf\he\r\ S2\g\0)s\g28\\\a2\\\|ѥ\\r\$s\0R0)\\\.\x3csԀL&.L\\\|ej>0\\W\\=ٵ	0gg\\=@\\w\W\\n`C)3\0\ps\0]Y\r\\>5\a¿:A2FӲ\0\́	\\\P\0o2\0><nf\K\0f5\\\\\0\z	nzL\+\T\\0\\pwf\\-l7f\U{4\L:ܛafy5\\T.{\n\00{\\\fV\~e\0oȵ:AQG;\\0`\-6\\&.6\ZfL}Pb\Ria\ؗ\gn\0c\k\<sc\\Z\a\T\`4h\\Z\a\\y\+\0L\+3Gd3dV&f\00ǆC\l\\Z`7<0_fSӜzf9\\kfY\ru\lf̄\n\003\0`2\r_\0}L\\\teZz\a2ZSLɿ\\Ì\0\\\%\feF\0\0`\4N\Mxv\}¬e\0	;S\(L\f\\{n2\03\\\*\}Cf\3)L/\"ãf\\0\\\&\\0T\,U\L|I~\0\\\L\@@7M;2wt층y\\Nh.\/\\\Y4\h%ݙ\d[\\\2\\dNܼt;@d\7p\\0\g\\JL\\Hi\h2\d4@!\\!eCA@7<\,\\\Mf&\\0\lX93	Mf>LfN_uD\y\<0\Љ?\\k\ugvh2\ʝy|4B\h2 \ӋY\\\\dA\-MfA\2\\dE\+>\\\\\\,>L\\0h2y\Q\2\4\^+E\9D)Xf\Ine*g\!\\Sx\Z\#XJf4\̏h2`\\\EY!̝\\P.{Gd/dt<2)ɬ\dW~[2\z̷&S\n\\\)-\l\"d\\d0L@\!\e\Tmɼ_\U\!S\6-\\\M\آzj(޳L\\Gx\1t\Z\O?\Đ>\d2b\0\0\0\0IENDB`'),(1004,'harshalkhavekar','Harshal','Khavekar','khavekarhome@gmail.com','9874563215','cleanmeservices','Ring Road Near King Hotel','Satara',412103,_binary '\\\0JFIF\0FF\0\0\\0\0		\n\r\Z\Z $.\' \",#(7),01444\'9=82<.342			\r\r2!!22222222222222222222222222222222222222222222222222\\0\\\"\0\\04\0\0\0\0\0\0\0\0\0\0\0\0\0\0\0\0\0\0\0\0\0\0\0\0\0\\0\0\0\0\0\0\0\0\0\0\0\0\0\0\0\0\0\0\0\0\0\0\0\0\0\0\0\0\0\0\0\0\0\0\0\0\0\0\0\0\0\0\0\0\0\0\0\0\0\0\0\0\0\0\0\0\0\0\0\0\0\0\0\0\0\0\0\0\0\0\0\0\0\0\0\0\0\0\0\0\0\0\0\0\0\0\0\0\0\0\0\0\0\0\0\0\0\0\0\0\0\0\0\0\0\0\0\0\0\0\0\0\0\0\0\0\0\0\0\0\0\0\0\0\0\0\0\0\0\0\0\0\0\0\0\0\0\0\0\0\0\0\0\0\0\0\0\0\0\0\0\0\0\0\0\0\0\0\0\0\0\0\0\0\0\0\0\0\0\0\0\0\0\0\0\0\0\0\0\0\0\0\0\0\0\0\0\0\0\0\0\0\0\0\0\0\0\0\0\0\0\0\0\0\0\0\0\0\0\0\0\0\0\0\0\0\0\0\0\0\0\0\0\0\0\0\0\0\0\0\0\0\0\0\0\0\0\0\0\0\0\0\0\0\0\0\0\0\0\0\0\0\0\0\0\0\0\0\0\0\0\0\0\0\0\0\0\0\0\0\0\0\0\0\0\0\0\0\0\0\0\0\0\0\0\0\0\0\0\0\0\0\0\0\0\0\0\0\0\0\0\0\0\0\0\0\0\0\0\0\0\0\0\0\0\0\0\0\0\0\0\0\0\0\0\0\0\0\0\0\0\0\0\0\0\0\0\0\0\0\0\0\0\0\0\0\0\0\0\0\0\0\0\0\0\0\0\0\0\0\0\0\0\0\0\0\0\0\0\0\0\0\0\0\0\0\0\0\0\0\0\0\0\0\0\0\0\0\0\0\0\0\0\0\r6\(|׶\Ub\'a\\\c	mja\\N\Ib\mJ\\\\V\\9;^+%\\ ]\0\0\0\0\0\0\0\0\0\0\0\0\0\0\0\0\0\0\0\0\0\0\0\0\0\0\0\0\0\0\0\0\0\0H\^z;6Т=\׸\0\0\0\0\0\0\0\0d\\\J\\n\\J\\\\0\0\0\0\0\0\0\0\0\0\0\0\0\0\0\0\0\0\0\0\0\0\0\0\0\0\0\0\0\0)4s\46\9\0\0\0\0\0\0\0\0\0\0\0\0{ళ\=\\\\}=M\\0\0\0\0\0\0\0\0\0\0\0\0\0\0\0\0\0\0\0\0\0\0\0\0\0\0!Vhlʈs7B\0\0\0\0\nN\w\?2_8ZV3\\C}\{9uV@\0\01mc\H\j\\:za,\0\0\0\0\0\0\0\0\0\0\0\0\0\0\0\0\0\0\0\0\0\0\0\0\0 \[\\\\\rK\0\0\0\05\9L^3܏q\Qcl`\0\0\0\0:S\\Ї>`\0\0\0{iTEs\\\\\0\0\0\0\0\0\0\0\0\0\0\0\0\0\0\0\0\0\0\0\0\0\0\Sf\Ӊ\\n\\0\0\0\0\\Z/\\0\0\0\0\0\0\ qS5\̘\0\0\0\r\C\\K\\0\0\0\0\0\0\0\0\0\0\0\0\0\0\0\0\0\0\0\0\00Q\\\S\\\0\0\0\0oI\-qtb\0\0\0\0\0\0\0\07蛇\|D\Y,\0\0\0\0=\]\\.z\\0\0\0\0\0\0\0\0\0\0\0\0\0\0\0\0\0\0\0\0\\Zl\)\\d\0\0\0\0.3\\\s\@\0\0\0\0\0\0\0ƹA\\\\\\0\0\0\\g3y\\\\\\0\0\0\0\0\0\0\0\0\0\0\0\0\0\0\0\0\00zӃ\\n\\0\0\0\0\0>o\?nGЈ\0\0\0\0\0\0\0\0\0I\>@\0\0\0\0<\G\\r5\0\0\0\0\0\0\0\0\0\0\0\0\0\0\0\0\0\W??\Z\0\0\0\0\0\0}72X\0\0\0\0\0\0\0\0\0\0\y/\\\r\\0\0\0\0\0\0½d:)\`N \0\0\0\0\0\0\0\0\0\0\0\0\0\0\0\0\\l9;\\0\0	\,v)fl\\0z>E\S]fV)*`t^ў\0\0\0\0\0\0\0	d\;-7\r\0\0\0\0\0\0\0g\\s\uGc@\0\0\0\0\0\0\0\0\0\0\0\0\0\0\0\np:	\0\0\0\0\0\0\0ײx\V\0s,\eW\z\~m\\䏬D\~dL\uqy8[fS:klK\:\\"?Yb9\\0\0\0\0\0\0\0\0ҹ\\r\0\0\0\0\0\0\0\0\0\0\0\0\0\0<\\\y{\\\0\0\0\0\0\0\0M5\G^\0\0S^\}\@\0\\0\0\Üb\l9¸\0\0\0\0Y\ױT\)\Gw\0\0\0\0\0\0\0\0\0\0\0\0\0\0\N\u9\0\0\0\0\0\0\0-\5\\GZ\0\0S^\}\@\ZM\\\r5KYT\\\_ZS\S\\W5\\":\~\|g\6X\r\0\0\0\0\rL\Y߈\kw6\\r@\0\0\0\0\0\0\0\0\0\0\0\0Io\s\\\0\0\0\0\0\0\0Uk\q\\0\0۫n\c\" \/\	@\\\v\]<Ws\\0H\Q+\)\\n\7\\0\0\0\0r>YƝ\f{+\笷5\g\0\0\0\0\0\0\0\0\0\0\0\0\0\\Ap\0\0\0\0\0\0\0\0ѽ\0\\`\0QV\}\c\\u|\G\7\;\\{>WBB\0\0r\O}O\6\2&\ہH\0\0\0\0\0\0\05W䄰\0\0\0\0\0\0\0\0\0\0\0\0\85ʛ\\u\0\0\0\0\0\0\0\0\0\a\\\v+\0\\ӻ_l1\\)\0\\}\\R\\<\0K\FH\n:)\رOվ1=/\[\Z_j\\\\l\0\0\0\0\0\0\0V\\C\\\\0\0\0\0\0\0\0\0\0\0\0\\\\8\0\0\0\0\0\0\0\0\0\0)߈\6\\06\\\\0\ݝ`}\_`Y\ƽ\\.\\\\:}[3\\cC\\f\#]p\o\0\0\0\0\0\0\0\0\՚:\ \0\0\0\0\0\0\0\0\0\0\0\W\\\\\0\0\0\0\0\0\0\0\0\;~kj4\0\Ǒ\\n\z^kk?c\5r\Fޱ\\\\6i\\4~u\~\W\r[o\v\0\0\0\0\0\0\0βe\^\0\0\0\0\0\0\0\0\0\0\0\0γ\\r[\0\0\0\0\0	{g]zdH\\0\\8\λtU9\1(t#I\\dr}\\r¿\\\]\\r֠\n\bg\\>\\\\0\\\\4\0\0\0\0\0\0\0\r\:wN@\0\0\0\0\0\0\0\0\0\0\04	q8@\0\0\0\0V\\`]\ZLX\H\\0af\\EO[Om3\ŕ]\\{\ZAeO3\Zq_(\)c|h\\ɍ\H%/D\H)\p\0\0\0\0\0\0\0\\ZO\\\0\0\0\0\0\0\0\0\0\0\0s\\i\P\0\0\0\0\0$m$\1Āf9\|i0[:wL\V\bf\"\\\0@g:5{Bt|\r\o\:+mjUpF\u=\Fur\\\:\k\\\SyaM\\5o\0\0\0\0ɐgwAt\0\0\0\0\0\0\0\0\0\0\0sV\^s\0\0\0\0\0\0\0\0\0\0WyOF\ǔ\K\>ma(j\2\J=v#Q\\*\5F\\rb^d\0%\̵	Y&ڊ\K\\5\0\0\0\0\0\0\0\\'\a}`\0\0\0\0\0\0\0\0\0\0;~;\H\0\0\0\0\0\0\0\0\0\04Dܵt[\\\Dkk\f~E ̀g\bML\\u\0c\ξrC\!\Zef{*!0h\\0\0\0\0\0\0\0\S{\0\0\0\0\0\0\0\0\0\0\0Y\0P*\0\0\0\0\0\0\0\0\0\0\P\\k\iY^g0\\+\0I\v ٭oyG8\1\Xtz\	\\@@F\,hR\0\0\0\0\0\0\0\\\< \0\0\0\0\0\0\0\0\0\0EuO\Z׀\0\0\0\0\0\0\0\0\0\00z\\092\\0\0\0\0h\%\\t8\c \0NA\0\0\0\0\0\0\0Y\G\\0\0\0\0\0\0\0\0\0\0\9;\0\0\0\0\0\0\0\0\0\0\00͔,c\[f\\0\0\0\0x{IS\\L\\\ό\:6@nL׬5+\0\0\0\0\0\0\0\\\w`\0\0\0\0\0\0\0\0\0\0\0k\ن9;\\0Ȱ\e$@\0\0\0\0\0\0\09iy]\4.TVHT\0\0lo\`\\$=WZo\FV\0\0\0\0\0\0\0oQ\n\H\0\0\0\0\0\0\0\0\0\0\0\0ezgώT\0\0\Z\L\;\c\0D\0\0\0\0\0\0\0%\\<aMn_Χ\\\nRj\r\B8\\z\\	@\0\0w<\յ3s\0\0\0\0\0\0\0\0KIy\\\r`\0\0\0\0\0\0\0\0\0\0\0\09vX\0\0\0\0\0\0\0ͺ(5\X\\00*.\t\6\\'\&C\\%오w\]\qk\4\\0	xF\\.\0\0\0\0\0\0\0\0\\Z\zHY\0\0\0\0\0\0\0\0\0\0\0\0\"\\\3sH\\\0\0\0\0\0\0\0\\Ӿq(ٲjui\[\\eWhKY\\s\0C\R\9_,\\3ƛ30\0\0\0\03߳+(\~b\\0\0\\\<w9\0\0\0\0\0\0\0\0\0\0\0\0\0\Ty\0\0\0\0\0\0\g_oGR\5n\r{VM\8\\\n\ݔt[\\\\e{_nWC;m׃ v9\/\0\0\0\0\0\0\`Ӻ\f1B\0>ׯ\\r\p\0\0\0\0\0\0\0\0\0\0\0\0\0\x\\r=\0\0\0\0\0\0\0\0xV\\\o\B\\0\0\0{;;ѿ\F\ޮ\l͕;lLz\x(\\\\k\'L9= \0\0\0\0g\0\0ad,\\0\0\0\0\0\0\0\0\0\0\0\0\0\0\n}tϛe\0\0\0\0\0\0F[z\\@\0\0\0\0ߣfO`\ (\\\^\\@\0\0\0\0\0\0\0}_@7\0\0\0\0\0\0\0\0\0\0\0\0\0\0\0\\9{\;l\0\0\0\0\0\0\0tf#\\@\0\0\0(\C\|ױd3\\uC\w\0\0\0\0\0\0]\\R\;\0\0\0\0\0\0\0\0\0\0\0\0\0\0\0\0Gy-j=0\0\0\0\0\0\=\\G_./\4/\0\0\0\0\0۞\?L\Z{\=\Q\=7:\\z0\0\0\0\0\0\0\\Uֽ\`_X\0\0\0\0\0\0\0\0\0\0\0\0\0\0\0\0\0\E\nL1\0\0xza}~o=\\0Ty!*X\ \0\0\0$G\\\\8\J:\6kG62)\\nU\9{\^{\0\0\0\\\0\0\0\0\0\0\0\0\0\0\0\0\0\0\0\0\0\0&\\8\0\rqh^~غ\ྦ\Bd;1&\GVSQ9\\I\\\,,+\\0\0\0\\=\P\=/X\\`ȏ\S\M\3~\]\'!\;`\0~\OG[H\0\0\0\0\0\0\0\0\0\0\0\0\0\0\0\0\0\0\0\0\\\4ϟ>pl\\t\#~`\xF\(Y\\K\0:\'c(Q\0\0\0nz\}C\#\yx@J\Tg\0{\"4\-۾\n\ʺ/\'r;\Z \0\0\0\0\0\0\0\0\0\0\0\0\0\0\0\0\0\0\0\0\0U\\\\\c]/t\'_3(\Ț\<\\V\J \0<g\f\8\0\0\0\|}\\Xf\\#\<YH\\\a&yL`oc_%aJ\c\Vp\\t·\0\0\0\0\0\0\0\0\0\0\0\0\0\0\0\0\0\0\0\0\0\0\0\vYW6\\ӗ\|\\<\'\0\0\kʼJ \0e]e\\'\\\ g3Yng\Dx{U\\|oE:\\/\\\;\ʆg\q8\f\O#)\\~ۍr6K\k/\&\m\0\0\0\0\0\0\0\0\0\0\0\0\0\0\0\0\0\0\0\0\0\0\0\0\nVc\\s{q \W\PJ \'Ǘ	W,\e~\x38\2\\0\0\\n\\/\q\0|\%\'2	D\UeGM\0\0\0\0\0\0\0\0\0\0\0\0\0\0\0\0\0\0\0\0\0\0\0\0\0\0//\-\ҺskW\z\\\\(\Wρ\0	Ĉ\\c!\0|	Ώ7\\=\iu\0Oa_*\\~\\0\0\0\0\0\0\0\0\0\0\0\0\0\0\0\0\0\0\0\0\0\0\0\0\0\0\0\0\0\E]bzmjy\\"Q\0\0,+\GD\0\'A9	`\0\'2eq	\W]z\Z7l\0\0\0\0\0\0\0\0\0\0\0\0\0\0\0\0\0\0\0\0\0\0\0\0\0\0\0\0\0\0\0\0\0yk8\\{e\\\@I\BĘ\C)0\\0\0\0O/\:t\\O\:Ǭ\,w(# \0\0\0\0\0\0\0\0\0\0\0\0\0\0\0\0\0\0\0\0\0\0\0\0\0\0\0\0\0\0\0\0\0\0\0\0\0y菄qYQ\\\nEvٌg^\2\0\0\0\0\0\0\0\0\0\0\0\0\0\0\0\0\0\0\0\0\0\0\0\0\0\0\0\0\0\0\0\0\0\0\0\0\0\0\0\0\0\0\0\0\0\0\0\0\0\0\0\0\0\0\0\0\0\0\0\0\0\0\0\0\0\0\0\0\0\0\0\0\0\0\0\0\0\0\0\0\0\0\0\0\0\0\0\0\0\0\0\0\0\0\0\0\0\0\0\0\0\0\0\0\0\0\0\0\0\0\0\0\0\0\0\0\0\0\0\0\0\0\0\0\0\0\0\0\0\0\0\0\0\0\0\0\0\0\0\0\0\0\0\0\0\0\0\0\0\0\0\0\0\0\0\0\0\0\0\0\0\0\0\0\0\0\0\0\0\0\0\0\0\0\0\0\0\0\0\0\0\0\0\0\0\0\0\0\0\0\0\0\0\0\0\0\0\0\0\0\0\0\0\0\0\0\0\0\0\0\0\0\0\0\0\0\0\0\0\0\0\0\0\0\0\0\0\0\0\0\0\0\0\0\0\0\0\0\0\0\0\0\0\0\0\0\0\0\0\0\0\0\0\0\0\0\0\0\0\0\0\0\0\0\0\0\0\0\0\0\0\0\0\0\0\0\0\0\0\0\0\0\0\0\0\0\0\0\0\0\0\0\0\0\0\0\0\0\0\0\0\0\0\0\0\0\0\0\0\0\0\0\0\0\0\0\0\0\0\0\0\0\0\0\0\0\0\0\0\0\0\0\0\0\0\0\0\0\0\0\0\0\0\0\0\0\0\0\0\0\0\0\0\0\0\0\0\0\0\0\0\0\0\0\0\0\0\0\0\0\0\0\0\0\0\0\0\0\0\0\0\0\0\0\0\0\0\0\0\0\0\0\0\\0N\0\n\0\0!1AQ @aq\"02PR#Br\34`b$CS\\5DcTs\\\\0\0?\0\0\\Ψ.\\0\8j\d\*\xl\櫷\l\\}\\g;\\UGcܸ5\Gc\[?\?Z\0:O\\\g\0:O\\?\\¨\4tpz%=\\\\\\|.gL\Xx\TC\'*\L\b\\Gię:yN{$ͥ?W^M\rX$$ޤK#/q\fu	\G)\$dv#͐_Ջ\zIco#\.Թ\uK\K\%\$\=j9\̑e\b,\E\*F\\x6^\0\3W\mq6g4ю\gōؒx\j\snX\9Rj\Tt`óPm\1\\'\7f\~\'9\=\nѶ1S\A:\LC\qDs\\\o\5P]G\OW-A\\\ꍝfǁ\x,x,\F\|і\8\ۈIJ6?gn\r5\\p<D\6\K1F\M*Q\\=j;\?\rX\qKC#\04{\Qˌ\[\B\y\ܢ\*/\[6a\\d7g?\#\Y\\"̫7?◖\1\ZU+:\ ?c^\HBWS<\'׌鯻h⒲5,\\ކ\\\\c\}$bٚ`\f\\k%\0\*=\\\Xfgb\I\'i=I\\"GU.\+sm#q\\\\\2E@iGQ\\\\\/*\%()\\\\\ݰ|qW\W]Tv;j͞Jq=,\\!\\\-\"+Oh\1\&\ZS\\\\Ւ\t\N)\\_ن\;G\=ETt\\\r5TfɹGRwHўFUE,\g(r>\}ǈ;\0~9!Nm͚V\\\Zu\Fs\\\?\\ĚRu5i\k\\\1Ҏ6\D|b;[o\_|.dfz=\Y\^\\GY]2 \\ʫ20e$RfA\ϸ\\\J\aGf\0\4]س\g\M\r\})]!O9Aی\?\d<\@\r\>(\\{O.Q$/\l\'k\\\r\\\;<\\n\\\\\y#\3E*\\o\ͣrf\wq/K\\\\+x\\\;2FO\	68\ox\::([_IBVZV/\\{\4\\\\M#I+=[ܢ*:\\Fgc\G\\e1\7,8\\\\Jw\C\Êj\SIu\vO*)f6i8i\H\G\0ۨ|<\Q_I\Χ\\\\\}{q\a\(vt?\\G#\\Ѭ\uRԲ\rӲ:ƅ܀i8j\\Z\\*h)L\\ͨ9]\#\h)\R/\lj3\j^aJ?\\0\{#RA\h\Q\\ܒ,h]\\n6VUK\\\F6f)esU()\vI#\#\\ZG%\\ę\t5{1hT\E\\\\UQ$\9ydb\\y=k\'ΨSB|\H\'f\Q\W\Vnr(@\<\\\n;<%H ؍bT\r\ e\"b\0N++\Z\oR\k\\hbk\M\[|oj\*39g\(\\q;;wu{\EQ&uMUR\0\KΠl\)s>N\r3UO!;4\Uedio[1\\I\\bM\F(kB豴h\\\rl/\}?d?\\Y\fNS5Q8@\s\\a\݋3I;\\܋\\^:U\\:\>ΤѸu6aRULw\y\\ٍeɂ3u>Y\]\$mxin\r\}=Բ<\;\\\\\HX\u:l\8Jf\sh~Ѿ\	M4\6N\\\Ç\\\\t\ײ6\3\nzD\3\bcAdPG\05GRi\>p¸uu\*m\\؛\\9\ʋhG:\~o^\;_=s\Sͷ\\\\m^\<YI53_\.U\]\\\Eǝ^\\ݯ\׹+C\Oӆ[I0矽|-\\~-?h{GHfuZ?\\\i#ɣ\0/h&h\h\\ȲRXc4\\\*(Q5\\j`O;\\\\\2XG,Sz\\\2A\_\\\Sw_YuCO\\! g\ZVۣ\n\rV\n\"\E*\\ZȧQ\uT\!۱Gb\Y\7\'\SfK9cQ3HEpK5\e34\\\2\&\n?\Z7(\U\W%jX\uJZYѡw\0~)wE\Fe<ܜ\vGW\\\\5\ޯ<\<[ዓ\;zu\+U%Q\\8\\kRN\!\\~hFN;9\\\~hN\?\\\\\vA~Wd~u\\\#(j\,\#\\lu\)KGQ[/5M\l\;rZ:6ZҲ\5\rh\?+Y8\f\O573\nf\r6w\;:\rL\0\\\f \?>]\'C\D?Aę.Y/ANObNJ\2l\\HG\tM:\~X-z\\p_2zf\a%.\\n\G\Ɍ\\/\\"\0\0	\\\'%sv\0ˢ)Wr.\\\࠱I\\Zc%C\r\tW\11S\#4\E\h8nE\X4\\00\lm\Q6\\\\0XgR\uPX\"݈?w\Vm(\5u\c\&\\\~j@\{7\R\P2G\\x\0y-\m-CÜ\h\k\:Ln`\8ډa\N)eC#43C\>\Z\OU\\BZyX\\S\0kIn=HQr@N\r\\@\\'a\'Cea~\ZIP\N\7\MdK7\\Z\\8?\\i\0v\$\0I6i\i\\)EByF!\\\\fg[^\\\;V\Q\\Za{E\\\\Z\z\Ox:\\\LUV\o\\:$\_p\D\QS,\n\9b{ςq54m\{\1gf\\Lv/#\0\\0F\\	$\\\^\0wp\^\\sCy\\\˧\iO\\f\(\\\\\>Cv)\0v\N\n\Zv@\\N3P\f\%\\:۵峢Q)*\uOg5+)YǬ77\е\qՉ\+ڬTj*\ m\v\\dلY[D[\:A;΅%\n\\\\Dfss:\0\A\\\\[\w\dS\\4\0E\\\s\Z|\P\F\<3<ң5\f6A\F6 {zy]{噌U+rl\\Sa]\\X\\7ճʤ^\\\9\\\\;}H\8\\\Z\A\:;Ű\Qxh\:\;\$\2>X\\ZYQ4bᘳ;I\Y\i\3\0(\r\#\\~\\.cR4\[F\<3\|έ\J\\4u5\\\\'\Bq&\yE \#\S\\ep\Ք2GuZ\Gw@xƂz\\_U}\\Z	꯸aB\n\ZƬBXRQ\j#a4O\ۈ\7v\\\\gK)\\0\6m.\\_p\u\\T\'|7\t+k z\E\\fyY]@jDpN.8\\Z\Zs4Ic\'\c7\\y\G\.mW\nv(,,CȺEmU;\n\rc(\\y\7\\\r=X#\\n\<\2^Q\\S\f+,\$I\\\[\\vF	z]-%\T߻\x\u$\gI8}\\\й\[kԞ(\d,vXr\}\\R\\.ekPSU74dQ\0\I\q&2mל<dr؆}41<q<\\\\TK1.ב\U} \fǞ#o18\\\\y}\\Ҿ*8ji[E>I\4On&\:v\\}>M\yL.R\m[\~2ַ#\)\c\rL\rtac|\Aa\0ξ%DAw\\}?\3sÿPK\\!;W\>\BK 6sA8$;N\3h֡m\\\C\\\-i5\\U\]n\\\\rsgu&|Ʃ\o\WW`\\鳪3\\\Nr/O#A\\\\\\"HJP\\n=\0\\\X؃WT\[\h\[F\$j뱅ǃ\jeу\\JGk5|G<~I\)r2CV\\\3h\Dh\u#x%l:\S%H!\L\M\nM\m\yGdR=\\0\>].P\\9Vb\3F\sG\*ꧮC,\wv\I\eVO\f4OSM 6\a\{9;\r \iuGQbѶ2\n1P	b51A\\tf:S\x\,΄\\\Qrܰ\ܔ\0q?D\09SB~-ζP<C\[a¡\퍊7u99\u\}ͤ\/\뼢N%\\n=\W\\(\0r\K\k0\"<-V\Ūwx\0\}\\YY\\\Ę\Z`w0p;ŏ\E+\[$cͽ׸\\=\EuڦG\aS+#ڤB=\?5zNXTe\cu1$\r`:kv3H\K\̿\vkĐ\A\>dp6λ]\(\'{!~\\(\0r\\|\^Xw4\ݿ>\'\y2P\fzY\Fz\a\Rq4),l\Z7P\\x:\(`\b\r`\ˠv\0Y64\'j\^\}-ГY^\g>G\\_\\/\Ԟ 3J\T1\Z\vcop\}\hc7\0叧FH\D,w\\"I\u\\>_<VԮm\u\0~\Am.\\f=܋\ȲZP\TU\j\\U\\{\0\S.SQ\\3̴Ф\"I<\\n-s\\g?̛\\\\q\\C)en:˺\.FW\ZM򛟅G:眻ʨ\PЉyA\U\\fs\3%$wxm(f>S\n(<Eph\E8\ZtOx\0cӡ\:_Hܸ̻Y\\ԲyERoZ9{6u\\E\'HV#FG\\tzI)R\\"\|q_FvcSE\'O+D}\En^\͵he+H<\\[vL5\w1`#\YZ/\<\\\ xѝ1:t?A:_I\rڨ\D\\tr,L\>ʢz;}\\\\KN!8\nP,ÜG˫\M c\\nM\1\ʙ\\i*K*\\\}rLrΏ0%i43\Vw{\7.ZjS2\S\\\\q\mT\\fU\ZZ\\`C`;\0\͓\]޳coXm\nv\P\p\0xpl,xTv \J\a\`$k\r\,\"߄bla0j\^[-0,<xaw\r\~Ҭ<\*)嶩i\a\\\_,jk\n4D\w:#\\LO\-\?\\\r\"0+;F3@C6Kd\`s\\۫4\T=LM\|dac\\{u4m5k\ʭ\9@ŵSJ\5ul\8SpsfJ\\\\߀\T2#\L\11\\\`\0\N\<w\_K>SSm\\O\?@Q \3usQ\Z6H\fHrw,eY*\]`\\\\\\ո9Dg\b>\Z\\]*+\jalʍ*jRĂ\\"\u.QN\u:R\ͤ\\\q\⑬Yx\\4\MqQ\\޵\0Sd߫R\p8y\n؟gK3ѽDC\\7v\.\\\\\y\J\8\Z\\T:<\k\\\j2\\h&\a\n\ێP,r?j^z*\ngtY\n\c\*\r>X\MmQP~C\\\\\\\G}\]\Z\\\\rJP\~Xb\Mc\h\r\k\e\u\Zs\P\0k<qY\\*?`\\nħ\m\w}r\\A$BE\oE\bX\"6tOɝrn/G?\6\Z`.wl\a\\T+r\m\\\\\C\\J.7\kb.x\!\iE\\\x\&\\0旎\\0l3b\I\'i>\Zc2	]\wҤEn{%}մiߜy\Z_	$$\l\0\\]?է(\rԋ|XoBW\ߋҍ\\KE\\nDRu+\o\5\"NߗI\Uմ\\\s\\|0a\Z16]V\\R\MȎL\I|I\|\\n(_\P\0\";\\f\0\\\0w#\\'\H4ye$,>\\4\^6\\KK\\G\r\|\w\/\0[\o\0NW\1\r<t\B\rgi;N&7\Z9t\7\!M=<|\@\6k<\<\i\7y|\0s\0Q\\rW\r3\\Z.Á\\\\\\\nN~|\ڻ{1CSΡ\\/\,#DmtU5\(#IF\\\>HXʿt?\\J\[\\\6\\bthӶ\4-LZ\\0YcW]M\N$\\SWY\\\vVKZؓ\\·\)lv*7sa\\N\\\rETilR\8*\j.8_:\\\\\q\zU~3\\Z\\G\Kt\rsFZ\0BƼbDY#dmX\\Lή\0n\Z_@5%\\~9\O\\\"r\\nqǠ馶\`\k\\>*\X:UG\5ճ~/@:\^#<tR\ـ\nu\\P\P6?#q$j\c\\чgNyGfP?\Jǒο\{\\\xÍ{x\\\fa\OqniԂ,n/\\j!sj\;l~MO4Bh66S\\B#\Ҷ\0\nh\\৓OQ\\\\cv֓?\}w\]\r}\Q\0sQ%>\E\i\\~PNg\n/y\'\5CFY.B_.\\\\ZTz4\\\C-&N\\xF`/ᶶ\uZQy	\W]\Z8\@\\\#\R\͹y\Z6\\S\B\\0uhc\\y\zK\Z\0suQH>ÆRc\VS\\fcA\\y\,f)A\nƿ\J.\ٰcy\f!}in\\L~\S\\\w\̋ŀ\fTMA\\Zȶ>\\Dѝ{7\J@}\|TG\\emE|\jL\0\\\i)\Ib!\V2|\<օf[,\ʃ\\wtL\7\\+[ax\!\0q)\	f*$[b/\\3*f ($\FM*lƟy<;񷡔feU\:ݣ>,>\v!9\I`Ѹ70y<l:\Rw\W\\9\\b</\i\E\R\\%a:\r3\E;ǔG\Z\c\06\;\٣T\M\\ߧOy\3(˧o\\"~\p\?>\00ix\5nqXu-\7\\yhU\|\\\HM\\$Ğm\\\R֎\N*\DV\\8e*\HF!7x;)\c\s*|\P\u\"9\\6\j9Ɏ/ؿ\\\0A51fڹr\Дq;\\\qp\t)\\Fȹ\6\\rB%x(ЙKn\5\\W\\\\<qqk5\q\rl3Xih\\\Dov$@\=\mmFaR\\ɤ\g\0\< hdH꫞\9-\ZZ\\^\Zs@\0A\\\\H\q\\,>\c\|*PXum\'f\|5Ԛ$\\\ބUsC^\k2Ha$IEу\\\31E%[\rK;O\疦wi\svc\d<\\zXƖOUS\\R\\O\n5\n7GVr>jD\uwz\nfщe5fd}\=_\\T\I\u\Ǩq߮3کh[\T\:M\G7Jd2O&\_i=K.˪3Jԥ[k$\Q\eY]>QB\\w#[\05u̪=\Zvr5\\=E*J=b,.\%Aأn?immG9YE/,\;|SjU\\HXfd\\gh\zs\CR3F\5n*9>\M.\\\EM.a`\=:\Z\Zʭ)icӑo$\\2Z|Ǖ\)\Z\C\ \rP\1H\\\-|\\\#|a\\\DWapކc\58\\\&*#xUb:\:\IA\=بm)f\"\t&;\o^F+hɨ⣓\\UU嵴\,un\]T敋MKd8c%\)ZNj/V\,ksΠV\8\N\Z[\:p\T؍~K.Rv\'/C\E\Ժn\wV\X	\]\ut3ft]\uI\\\Z\\I\\r\n}fV/~U\0{ ޻*H\"\n>@\\a\0jtV\0QpEՊ\J\\R\\\lbo\\bB_X+;\WR\,s\9\OP\\EG.Ch\Y\\:\\\7\z5\\uhhdYh8n\zQU2]ν˼\Y\ZiZF\O\)\\N\	ۯ\\\RGP5\m\1=4\\\Z0\\8\1\\jl\{zD\F(\\,c\aT\"]XzXı6\á\h6=X\r㏭Oks\nXܛ\'^=ȂF\l	\\u;.\\\o\Z}S$\'\\\c\.V>0/as\6]\\r5\\\\\\rY\ڏ\\m*ຼb6	8va\m;1%_\\<WV+\%Op2\\\.W\\\QY\"P\PՏK=\\ݏK=\J\\ZE-΢%p51\;?\R\E\61+\j\"\ѝ\lz\: \^\1ce6a\\\r)ͱu\0E\.\'Q7Z}\Zv\u\CtS\dp.I\,0k\f#hdaM\{\D\\G7\0/Y\\\\ñ_F\t\h&Q\(\\[iT7!)HoLXc\\ZQ`\i\04ӕa֧HH\`\7Pz;T&\\_M\C\\>\8z>T\S\\rj{p\Q\uY\'/9\q%sQ\vᙜݘ\\c7R8tOJ\d\|a\.\\\ʓHs\58qz \0\q%din\f$MW\Fl\\\8\\\@\\\xE\Z\\Z\0=\"E\]K\y4\}]y\`;7\J\5\<!>BҪ2\ʣSqthܫ`n/\;JL/\0:c\T\\²Ga\``\\@bSEcϜ/I\\GS\ZR\<G$r@N$n\{6bJ_P:#\G\\\"\Q \B	\u]\Չ\Pux}\r3͒Wuƿ+\{a\\ \a+e_:\;v\+bmMt=0]H#=C.\\\>h\=+UL1h5\H\)\n8 \1G{\'׉+\B\'Y\\\\Ц0of+ɭ[m\Q\ZF)cG\ZRQc\\Z\\k\o2醆Cpu\㉣0\\w]\V3fy\*;UIifMԐ{E\÷V&\\Cۅ`\\;\\\&x\\iJ\\XH6\\A\?9<\0-=\n\T\\k&n\\gjw\5wn\\A*ye\W`Q\\0Ҟ@{6=r т0-\ēI)\؞\\bvqӥBm_w\qx_\=\9V\x\㤒߂,H\¬\nA\\VȺ6\T\\\\;5\r\\f\0\n\0l\\m]4|q-Tq1F\\Sb-\\\iׇO9͸\r^bn1:UGG\t\\*\Xtt!n5\\\nJ_<\ݷ\s	Tc@q߂K$\=*	A҅6\h\R\;f\\\0\*-&_ߧK/kT\qP2\=%vCubfE\a\8Jți*{papAA\QѵK\\F6=DTP\0`Ͳ^v+-@\\8ddrYM;GFm	t\*\g \\0\0I\1㝥\\~;~8Бhj:ݐ\\A\\\\n1ZXxk\\\Z\|2y\e/\F3\lW-\\ТI\	\o!	[\"7\MZ\(\ڥ\uF6\",h\0\n6\\\)J\\\8\ZsvK\#G\"u\A\\ \x\\\\Ug6U$\\Jf\np\Z0 \'\Zf\\\P\C!Uq\\\a̻Q#xe;\\\\jy@lA\\\zqȝߦ#qF\\\\\\q_\J\\rN_T`n5\n\06\\\,=~,<Wga\\M,ԓ]\w\t($+1Kja\84($gww\rWۻ\$\Jn\Of\94M	\P\\\\b_\݌\;2ʻXX\\\<nFA9?Ձ\w\\:_]>8zwffR>^\#0u\0Gٲ\\\=t\:oY=4\ՃGP?ÿq\\RH\\0٫Yv;\K/6?\ZO\|VH\\z+\C0\0\0\0l\Z\Ls-\\6ٌ\,o\Z\"|Y\0\8UgmRO,4\`n\\U\Ч@{w*\,j\#\ӣ]z\8$lm\FujB\ٯ\'>\-\\[.])\\>8\\w\c6kq\sk\\\\l}bcW\㞗\I\H؃Y\iek3\0@:4\\oy\;\'\8\\%\\\nځ%\T:\$\\̏ވ㏭\?\r\4hd\\\'^)߯A:\\rY{\2\0\\q:\:b\\0#Xm5P\r&\M{\9#YPe:#n+r椄A\\?\\K4ٸx2kX<KVC\\?P\j\?MQ\V=\G;Gy))\1[b$gytA7\n\>Fl7?\\@\!\l\SP{/YP\#F\s6`|\\D\3pa\m2+􇍔\נ	\{0s\	^16;1CU^;81G\H\ \ZR\\8f9,5;G767늚Y%\\Bq\{\"s\q\aJt$xu(\N\m$\-\ar\\\0;98t\r/\Y̊\0\pٓ}\\8j\\c\3\\\F\'MM\6m\\0ۇF \nĻGCf3O\06t\\G\\ZIQx\>\~\ān\T\c\q_K䦼\\\\\chϞ\\\\0`.x%\\,8SјH\18M9V\\\^lTZ(;u|\Ӷ\F\ZG9\\\I\{pAj\2\\md\0|1dbMQ\\\7~*-t/ˡIE=l0\;\2\n=\#P\\\3\!\m\\\\4]v\\FsdRǰb:	_β|N>K\d\<	\rt1C\\z\a\n?aݘě\\Фŉ#G&J\o\=\nթo#@t\\\\j\)<\gDxI\zY~\g(\D\v\\'v=c\ECH\*\\/\\\I\>\\r^\W\f\\\1\\Dy\ia?\\o\\h\h\i{}F\*j\bhU?\xX\\ilU\K+Vs\"$j\\Yꟛ_Qu\݊jH)#Ђ5A\Oy lU\t7d˝\݊\OZ?\\r(FX[iR\q7\#M\\2Eoo\*\X0\\r\(\")\o\\e\\΄\\613wRrp5\\~4!Po\\r\Z\\)oXj>T\m\ښ`\ՓQ\\JZ)U\D\\\\1Qa\9{\\˹\b9]\\-\Z\y&R	7\"\\\#d6K\\Xl\36\\qj*\;1U\\&ǣ6\qsO8?\\\\\>\\0`\rå\sp8\R\+z\\\h~ҞX\Ҋi͢\\0*\r~]n!\\\1ECJK<#n\C/\o\N-,H\0AĹ\^3\q/&H\H=$\+\o\e\y\зa\R[\U}Rm\"ߧ\\\o\.$cF\TG\ɲ\1&\\\ \Eɪu\?`C\iО-p(\0abEK\'O\AѴ|فp\Z\^a\\\'`\\7\?\/Zo\\'(\ׁ\\$=\p&^?\\\?+O6/j\	Q\"\(\\03\0\0\0\0\0\0\01 !0@Q\"2APaq#3BCR\\\0?\0\0*\'ڛӍ77\8ُͨ\%:\\\My\ט\	\\hc&4\\Z_C\\F1\8 >*WǚȞ\QÊd\~\*q\\S;1qI\Z\>5Wq4\3\$\n\\\K|PU\Z\n*\F\.\n*q$`\\\rH\j|SIp\\'hBTMGD\xF#qu߆w\jB\8k\X\K+J\nLkp\3\\M\abOKk\\8}\ݝ7#k<7l\\\oiwX\\VC\\\0niݝ7!AcaQE\n(\04\qjĐ~98\\O26\\ԳT\ph\\&\\홋rA \V\Zq*Xư\r\\0<S\\qHc`£p\u\\A\\~sn\\|lG36F\t=;E,jG.ŏ-\\r\\\^a2\+0.(4\H\\f\\\r#\\\\Zԫ6ۅːһRƝc\\\\;\\\b\9apg_Q\c䲄<\Mjǎ\kWNs^HaD\ɖLLS甞h67v)\\\J9\@*-X\!\%M\#P\碕\!n|&\uډ~\'`6b]w#\lǥq\h\ۢ\5~~\uڂ˵O\nrc\\&L\\5~\ԫ\\5\\WM,*q\\r\x\"\\\G3\n\e^\Zo1\n#e`k\]\\0\8n$\iZ汫\1Mo+J뱴\Avj?\\\k\n\wnjE̤sc7@zx\ߞPsD\RZ\Ey\iL\\$\\F\	D\/㡓\=;m4X\Q\\e=\plĭf\\\\\?\[n\r6a\\vޱ\"\~f~:@>-\hW\\y\Fg#N\\̈Y\0t8iC\DX\ry/\.m@X[\\ЂA\r\T;n6\-#\\Ҩ\Ann-\A\*[]\[qf^no%tSx\\3.\\\m\T.A;\0B\9\$y\bxr\yZ\\\I\B/G\\㗆\0ʠ\\\0b\\0,\\\\n\!~(r\M1`.(5\E.0h¤\ &@QL\H\\>\$\V\A\X\S\Zn\Z\rL=I\\')\TYc\oy@ޘ\n\bʙ\K#\\Zh6SˍSޓ\X<\\\_\\\0\+\p\\ːZ\\_v\@\0,:Y\!Z c\\\b}\G\Cg/\}rs\\\\\x2+1P\T\].\߱\4>k\‷N\X\\/&($\\\'\\Z(G\rq䔞QĖf\0\<a\%zD\"T\26;_J\\'z\a*Qa\\#\}\kapjo\m\o\r\E\q\6< \\\x73.El<\\P8\0P\aػW\n\bu֥7Ҧt+ވ\n]\jַ3\3jñq\q\\s	\\}>:\\!L\TX8\"\67z	:\w4;\\J~\\0\\:P\l\E EM\\x\\\N\\?J\\s\J\tSe\\P \\\\Mb\\aq@\oxwP\Y1VaY\\R鵴cQ&eA@[\\S\J\\x\\\P`\rf\*\z\Z\̵aDpҭV\Z\ڬE3Xq\',,}\rX\5/mE1\Vj\޲nwI\\Ɍ\tںL\4rR\\Y{Յ/m\/Jxn0\@ތw?\j\.M\>!\\֓^\\\H\]7i\E\3iµ\頑.!Ƽhb\P\CGv\FT4q(4ı\S;6깏z\y޼\\E\\w\\03\0\0\0\0\0\0 !01@AQ2\"Paq$BRC\\\0?\0\0A\rcM<\Qܡf!eX\{#g\F\\\:\\N\\}4\&Y\\~Z&\\\tLw!:\%:73\\&Y{5yO5\h\\㳗j\Z\Z(6;1Щ,\؈ \.4\n(5<\ETN9䉯\Z\"sa2\@`\\'r\P,\q\\4Pl馃\\:\\/4	\r@ٞ\kKe\\0\ B\T`<\\m\)\-4=E<G\f>\\W4]\Dx!\\\\\@\\A\\\{\'\\;\\\	\n)NGߎ\\\;@\\p\\0)t\\Ε@\\Ax\8\\{TזAM\\X@SD\Q|\\\ʻӔqq4O~/\H47=\+\#ȐST\(/\`\=vE\o%4\Z8ETJ\bD}\*((i\1\ \dàD\=\H8|\\DTQYa\im_=}|o\5yV\\Vw\+K(\'{N \VQ;\\ \\򺦊\\[p\Z#\ڧ\ҁ#rqX\Efh\;&\"S\"\\\|\4i7X\%]hR\$x\&\\n:(E6]\\d\#;\/}w=͠^\\ZIVz\\\\Z\"ʍ\\n8?\1\8\9M%biЊ\'4\\\ZTb\9\/\TQ\2&Q\\\(W\+\bs\\s\r20HKؓ\z|G@\rBh\\\S{Oxcq-1\H\A\\0ֻ\Bψ\tQ	U֪M@rg\8ep~\Kw%#VQ4Ъ\\\QE(\0+Q+QPěm5#\yCg5t-ur\\syM 5\l\n\VS\\T\|\v{\nJh\z++\eluDP\p\n\	BoI{\\\'?ݵ:EB\F\Z\&8T\'D\\'B\q \n\eh޵:\G0\ZX\r$k\FF\r.c\MS\\*.--;V^\F@+\bq=ܷnbC\r.\Q\kCM\n\dn\C\0<P\QsZj*2>\\E	\/\'ǚ\\XzF;C]vN%E\w?\\|s\\E\\\ZH+Q[`\\(\rBdÇ A\t\Z&\u<tg\n\t骕\]\4VXF\\O!GL\\F\5~E.o\+Ӧ|\\iEr\\r%]OK\:\Z\7-oǥKl>o<#w\v\&\'a{4\w=M\\0\cxp\\\\\ZMO\\\`o\P=ْVF*\E/#\I~gg\e\\0\\FlJB\WB\U\ZrC\+\n\\\Qҥ\)a\s&\7<|\Tv\_ޟ:D\W\\r\i?R\0ڒy$\;Ua*p\Z\8P\C\"Li\\G4M~\\Q\az~\5\dj}-\L\b\+N7\0J\0pQwaj3|\\\ZB\0ѹ\\y)da\r~\\T\\\\Xqj9D\\b\P\\M\󑦅C\e\g\\a)\\\U`?a \0\s0Put\5\BI\Py_M\i=Z\0\n\q\0\UJT\UUJq+PS[S\0\r]\748P -թ\oh5EUj\\b)eK7`\?\{\L\\ωORxD\ 4N\Z\o(\i>Aݯsd\0j\~\Z\\;\Z\r(r@\\r@M\Lsm S\<h݊1<vD\\Z2HD\B\\\m\5\\\g\\\\\'),(1005,'Lucky1554','Lakhan','Kanade','luckhan@gmail.com','8551921110','123456789','Satara','Satara',411011,_binary '\\\0JFIF\0FF\0\0\\0\0		\n\r\Z\Z $.\' \",#(7),01444\'9=82<.342			\r\r2!!22222222222222222222222222222222222222222222222222\\0\\\"\0\\04\0\0\0\0\0\0\0\0\0\0\0\0\0\0\0\0\0\0\0\0\0\0\0\0\0\\0\0\0\0\0\0\0\0\0\0\0\0\0\0\0\0\0\0\0\0\0\0\0\0\0\0\0\0\0\0\0\0\0\0\0\0\0\0\0\0\0\0\0\0\0\0\0\0\0\0\0\0\0\0\0\0\0\0\0\0\0\0\0\0\0\0\0\0\0\0\0\0\0\0\0\0\0\0\0\0\0\0\0\0\0\0\0\0\0\0\0\0\0\0\0\0\0\0\0\0\0\0\0\0\0\0\0\0\0\0\0\0\0\0\0\0\0\0\0\0\0\0\0\0\0\0\0\0\0\0\0\0\0\0\0\0\0\0\0\0\0\0\0\0\0\0\0\0\0\0\0\0\0\0\0\0\0\0\0\0\0\0\0\0\0\0\0\0\0\0\0\0\0\0\0\0\0\0\0\0\0\0\0\0\0\0\0\0\0\0\0\0\0\0\0\0\0\0\0\0\0\0\0\0\0\0\0\0\0\0\0\0\0\0\0\0\0\0\0\0\0\0\0\0\0\0\0\0\0\0\0\0\0\0\0\0\0\0\0\0\0\0\0\0\0\0\0\0\0\0\0\0\0\0\0\0\0\0\0\0\0\0\0\0\0\0\0\0\0\0\0\0\0\0\0\0\0\0\0\0\0\0\0\0\0\0\0\0\0\0\0\0\0\0\0\0\0\0\0\0\0\0\0\0\0\0\0\0\0\0\0\0\0\0\0\0\0\0\0\0\0\0\0\0\0\0\0\0\0\0\0\0\0\0\0\0\0\0\0\0\0\0\0\0\0\0\0\0\0\0\0\0\0\0\0\0\0\0\0\0\0\0\0\0\0\0\0\0\0\0\0\0\0\0\0\0\0\0\0\0\0\0\0\0\0\0\0\0\0\0\0\0\0\0\r6\(|׶\Ub\'a\\\c	mja\\N\Ib\mJ\\\\V\\9;^+%\\ ]\0\0\0\0\0\0\0\0\0\0\0\0\0\0\0\0\0\0\0\0\0\0\0\0\0\0\0\0\0\0\0\0\0\0H\^z;6Т=\׸\0\0\0\0\0\0\0\0d\\\J\\n\\J\\\\0\0\0\0\0\0\0\0\0\0\0\0\0\0\0\0\0\0\0\0\0\0\0\0\0\0\0\0\0\0)4s\46\9\0\0\0\0\0\0\0\0\0\0\0\0{ళ\=\\\\}=M\\0\0\0\0\0\0\0\0\0\0\0\0\0\0\0\0\0\0\0\0\0\0\0\0\0\0!Vhlʈs7B\0\0\0\0\nN\w\?2_8ZV3\\C}\{9uV@\0\01mc\H\j\\:za,\0\0\0\0\0\0\0\0\0\0\0\0\0\0\0\0\0\0\0\0\0\0\0\0\0 \[\\\\\rK\0\0\0\05\9L^3܏q\Qcl`\0\0\0\0:S\\Ї>`\0\0\0{iTEs\\\\\0\0\0\0\0\0\0\0\0\0\0\0\0\0\0\0\0\0\0\0\0\0\0\Sf\Ӊ\\n\\0\0\0\0\\Z/\\0\0\0\0\0\0\ qS5\̘\0\0\0\r\C\\K\\0\0\0\0\0\0\0\0\0\0\0\0\0\0\0\0\0\0\0\0\00Q\\\S\\\0\0\0\0oI\-qtb\0\0\0\0\0\0\0\07蛇\|D\Y,\0\0\0\0=\]\\.z\\0\0\0\0\0\0\0\0\0\0\0\0\0\0\0\0\0\0\0\0\\Zl\)\\d\0\0\0\0.3\\\s\@\0\0\0\0\0\0\0ƹA\\\\\\0\0\0\\g3y\\\\\\0\0\0\0\0\0\0\0\0\0\0\0\0\0\0\0\0\00zӃ\\n\\0\0\0\0\0>o\?nGЈ\0\0\0\0\0\0\0\0\0I\>@\0\0\0\0<\G\\r5\0\0\0\0\0\0\0\0\0\0\0\0\0\0\0\0\0\W??\Z\0\0\0\0\0\0}72X\0\0\0\0\0\0\0\0\0\0\y/\\\r\\0\0\0\0\0\0½d:)\`N \0\0\0\0\0\0\0\0\0\0\0\0\0\0\0\0\\l9;\\0\0	\,v)fl\\0z>E\S]fV)*`t^ў\0\0\0\0\0\0\0	d\;-7\r\0\0\0\0\0\0\0g\\s\uGc@\0\0\0\0\0\0\0\0\0\0\0\0\0\0\0\np:	\0\0\0\0\0\0\0ײx\V\0s,\eW\z\~m\\䏬D\~dL\uqy8[fS:klK\:\\"?Yb9\\0\0\0\0\0\0\0\0ҹ\\r\0\0\0\0\0\0\0\0\0\0\0\0\0\0<\\\y{\\\0\0\0\0\0\0\0M5\G^\0\0S^\}\@\0\\0\0\Üb\l9¸\0\0\0\0Y\ױT\)\Gw\0\0\0\0\0\0\0\0\0\0\0\0\0\0\N\u9\0\0\0\0\0\0\0-\5\\GZ\0\0S^\}\@\ZM\\\r5KYT\\\_ZS\S\\W5\\":\~\|g\6X\r\0\0\0\0\rL\Y߈\kw6\\r@\0\0\0\0\0\0\0\0\0\0\0\0Io\s\\\0\0\0\0\0\0\0Uk\q\\0\0۫n\c\" \/\	@\\\v\]<Ws\\0H\Q+\)\\n\7\\0\0\0\0r>YƝ\f{+\笷5\g\0\0\0\0\0\0\0\0\0\0\0\0\0\\Ap\0\0\0\0\0\0\0\0ѽ\0\\`\0QV\}\c\\u|\G\7\;\\{>WBB\0\0r\O}O\6\2&\ہH\0\0\0\0\0\0\05W䄰\0\0\0\0\0\0\0\0\0\0\0\0\85ʛ\\u\0\0\0\0\0\0\0\0\0\a\\\v+\0\\ӻ_l1\\)\0\\}\\R\\<\0K\FH\n:)\رOվ1=/\[\Z_j\\\\l\0\0\0\0\0\0\0V\\C\\\\0\0\0\0\0\0\0\0\0\0\0\\\\8\0\0\0\0\0\0\0\0\0\0)߈\6\\06\\\\0\ݝ`}\_`Y\ƽ\\.\\\\:}[3\\cC\\f\#]p\o\0\0\0\0\0\0\0\0\՚:\ \0\0\0\0\0\0\0\0\0\0\0\W\\\\\0\0\0\0\0\0\0\0\0\;~kj4\0\Ǒ\\n\z^kk?c\5r\Fޱ\\\\6i\\4~u\~\W\r[o\v\0\0\0\0\0\0\0βe\^\0\0\0\0\0\0\0\0\0\0\0\0γ\\r[\0\0\0\0\0	{g]zdH\\0\\8\λtU9\1(t#I\\dr}\\r¿\\\]\\r֠\n\bg\\>\\\\0\\\\4\0\0\0\0\0\0\0\r\:wN@\0\0\0\0\0\0\0\0\0\0\04	q8@\0\0\0\0V\\`]\ZLX\H\\0af\\EO[Om3\ŕ]\\{\ZAeO3\Zq_(\)c|h\\ɍ\H%/D\H)\p\0\0\0\0\0\0\0\\ZO\\\0\0\0\0\0\0\0\0\0\0\0s\\i\P\0\0\0\0\0$m$\1Āf9\|i0[:wL\V\bf\"\\\0@g:5{Bt|\r\o\:+mjUpF\u=\Fur\\\:\k\\\SyaM\\5o\0\0\0\0ɐgwAt\0\0\0\0\0\0\0\0\0\0\0sV\^s\0\0\0\0\0\0\0\0\0\0WyOF\ǔ\K\>ma(j\2\J=v#Q\\*\5F\\rb^d\0%\̵	Y&ڊ\K\\5\0\0\0\0\0\0\0\\'\a}`\0\0\0\0\0\0\0\0\0\0;~;\H\0\0\0\0\0\0\0\0\0\04Dܵt[\\\Dkk\f~E ̀g\bML\\u\0c\ξrC\!\Zef{*!0h\\0\0\0\0\0\0\0\S{\0\0\0\0\0\0\0\0\0\0\0Y\0P*\0\0\0\0\0\0\0\0\0\0\P\\k\iY^g0\\+\0I\v ٭oyG8\1\Xtz\	\\@@F\,hR\0\0\0\0\0\0\0\\\< \0\0\0\0\0\0\0\0\0\0EuO\Z׀\0\0\0\0\0\0\0\0\0\00z\\092\\0\0\0\0h\%\\t8\c \0NA\0\0\0\0\0\0\0Y\G\\0\0\0\0\0\0\0\0\0\0\9;\0\0\0\0\0\0\0\0\0\0\00͔,c\[f\\0\0\0\0x{IS\\L\\\ό\:6@nL׬5+\0\0\0\0\0\0\0\\\w`\0\0\0\0\0\0\0\0\0\0\0k\ن9;\\0Ȱ\e$@\0\0\0\0\0\0\09iy]\4.TVHT\0\0lo\`\\$=WZo\FV\0\0\0\0\0\0\0oQ\n\H\0\0\0\0\0\0\0\0\0\0\0\0ezgώT\0\0\Z\L\;\c\0D\0\0\0\0\0\0\0%\\<aMn_Χ\\\nRj\r\B8\\z\\	@\0\0w<\յ3s\0\0\0\0\0\0\0\0KIy\\\r`\0\0\0\0\0\0\0\0\0\0\0\09vX\0\0\0\0\0\0\0ͺ(5\X\\00*.\t\6\\'\&C\\%오w\]\qk\4\\0	xF\\.\0\0\0\0\0\0\0\0\\Z\zHY\0\0\0\0\0\0\0\0\0\0\0\0\"\\\3sH\\\0\0\0\0\0\0\0\\Ӿq(ٲjui\[\\eWhKY\\s\0C\R\9_,\\3ƛ30\0\0\0\03߳+(\~b\\0\0\\\<w9\0\0\0\0\0\0\0\0\0\0\0\0\0\Ty\0\0\0\0\0\0\g_oGR\5n\r{VM\8\\\n\ݔt[\\\\e{_nWC;m׃ v9\/\0\0\0\0\0\0\`Ӻ\f1B\0>ׯ\\r\p\0\0\0\0\0\0\0\0\0\0\0\0\0\x\\r=\0\0\0\0\0\0\0\0xV\\\o\B\\0\0\0{;;ѿ\F\ޮ\l͕;lLz\x(\\\\k\'L9= \0\0\0\0g\0\0ad,\\0\0\0\0\0\0\0\0\0\0\0\0\0\0\n}tϛe\0\0\0\0\0\0F[z\\@\0\0\0\0ߣfO`\ (\\\^\\@\0\0\0\0\0\0\0}_@7\0\0\0\0\0\0\0\0\0\0\0\0\0\0\0\\9{\;l\0\0\0\0\0\0\0tf#\\@\0\0\0(\C\|ױd3\\uC\w\0\0\0\0\0\0]\\R\;\0\0\0\0\0\0\0\0\0\0\0\0\0\0\0\0Gy-j=0\0\0\0\0\0\=\\G_./\4/\0\0\0\0\0۞\?L\Z{\=\Q\=7:\\z0\0\0\0\0\0\0\\Uֽ\`_X\0\0\0\0\0\0\0\0\0\0\0\0\0\0\0\0\0\E\nL1\0\0xza}~o=\\0Ty!*X\ \0\0\0$G\\\\8\J:\6kG62)\\nU\9{\^{\0\0\0\\\0\0\0\0\0\0\0\0\0\0\0\0\0\0\0\0\0\0&\\8\0\rqh^~غ\ྦ\Bd;1&\GVSQ9\\I\\\,,+\\0\0\0\\=\P\=/X\\`ȏ\S\M\3~\]\'!\;`\0~\OG[H\0\0\0\0\0\0\0\0\0\0\0\0\0\0\0\0\0\0\0\0\\\4ϟ>pl\\t\#~`\xF\(Y\\K\0:\'c(Q\0\0\0nz\}C\#\yx@J\Tg\0{\"4\-۾\n\ʺ/\'r;\Z \0\0\0\0\0\0\0\0\0\0\0\0\0\0\0\0\0\0\0\0\0U\\\\\c]/t\'_3(\Ț\<\\V\J \0<g\f\8\0\0\0\|}\\Xf\\#\<YH\\\a&yL`oc_%aJ\c\Vp\\t·\0\0\0\0\0\0\0\0\0\0\0\0\0\0\0\0\0\0\0\0\0\0\0\vYW6\\ӗ\|\\<\'\0\0\kʼJ \0e]e\\'\\\ g3Yng\Dx{U\\|oE:\\/\\\;\ʆg\q8\f\O#)\\~ۍr6K\k/\&\m\0\0\0\0\0\0\0\0\0\0\0\0\0\0\0\0\0\0\0\0\0\0\0\0\nVc\\s{q \W\PJ \'Ǘ	W,\e~\x38\2\\0\0\\n\\/\q\0|\%\'2	D\UeGM\0\0\0\0\0\0\0\0\0\0\0\0\0\0\0\0\0\0\0\0\0\0\0\0\0\0//\-\ҺskW\z\\\\(\Wρ\0	Ĉ\\c!\0|	Ώ7\\=\iu\0Oa_*\\~\\0\0\0\0\0\0\0\0\0\0\0\0\0\0\0\0\0\0\0\0\0\0\0\0\0\0\0\0\0\E]bzmjy\\"Q\0\0,+\GD\0\'A9	`\0\'2eq	\W]z\Z7l\0\0\0\0\0\0\0\0\0\0\0\0\0\0\0\0\0\0\0\0\0\0\0\0\0\0\0\0\0\0\0\0\0yk8\\{e\\\@I\BĘ\C)0\\0\0\0O/\:t\\O\:Ǭ\,w(# \0\0\0\0\0\0\0\0\0\0\0\0\0\0\0\0\0\0\0\0\0\0\0\0\0\0\0\0\0\0\0\0\0\0\0\0\0y菄qYQ\\\nEvٌg^\2\0\0\0\0\0\0\0\0\0\0\0\0\0\0\0\0\0\0\0\0\0\0\0\0\0\0\0\0\0\0\0\0\0\0\0\0\0\0\0\0\0\0\0\0\0\0\0\0\0\0\0\0\0\0\0\0\0\0\0\0\0\0\0\0\0\0\0\0\0\0\0\0\0\0\0\0\0\0\0\0\0\0\0\0\0\0\0\0\0\0\0\0\0\0\0\0\0\0\0\0\0\0\0\0\0\0\0\0\0\0\0\0\0\0\0\0\0\0\0\0\0\0\0\0\0\0\0\0\0\0\0\0\0\0\0\0\0\0\0\0\0\0\0\0\0\0\0\0\0\0\0\0\0\0\0\0\0\0\0\0\0\0\0\0\0\0\0\0\0\0\0\0\0\0\0\0\0\0\0\0\0\0\0\0\0\0\0\0\0\0\0\0\0\0\0\0\0\0\0\0\0\0\0\0\0\0\0\0\0\0\0\0\0\0\0\0\0\0\0\0\0\0\0\0\0\0\0\0\0\0\0\0\0\0\0\0\0\0\0\0\0\0\0\0\0\0\0\0\0\0\0\0\0\0\0\0\0\0\0\0\0\0\0\0\0\0\0\0\0\0\0\0\0\0\0\0\0\0\0\0\0\0\0\0\0\0\0\0\0\0\0\0\0\0\0\0\0\0\0\0\0\0\0\0\0\0\0\0\0\0\0\0\0\0\0\0\0\0\0\0\0\0\0\0\0\0\0\0\0\0\0\0\0\0\0\0\0\0\0\0\0\0\0\0\0\0\0\0\0\0\0\0\0\0\0\0\0\0\0\0\0\0\0\0\0\0\0\0\0\0\0\0\0\0\0\0\0\0\0\0\0\0\0\0\0\0\0\0\0\0\0\0\0\\0N\0\n\0\0!1AQ @aq\"02PR#Br\34`b$CS\\5DcTs\\\\0\0?\0\0\\Ψ.\\0\8j\d\*\xl\櫷\l\\}\\g;\\UGcܸ5\Gc\[?\?Z\0:O\\\g\0:O\\?\\¨\4tpz%=\\\\\\|.gL\Xx\TC\'*\L\b\\Gię:yN{$ͥ?W^M\rX$$ޤK#/q\fu	\G)\$dv#͐_Ջ\zIco#\.Թ\uK\K\%\$\=j9\̑e\b,\E\*F\\x6^\0\3W\mq6g4ю\gōؒx\j\snX\9Rj\Tt`óPm\1\\'\7f\~\'9\=\nѶ1S\A:\LC\qDs\\\o\5P]G\OW-A\\\ꍝfǁ\x,x,\F\|і\8\ۈIJ6?gn\r5\\p<D\6\K1F\M*Q\\=j;\?\rX\qKC#\04{\Qˌ\[\B\y\ܢ\*/\[6a\\d7g?\#\Y\\"̫7?◖\1\ZU+:\ ?c^\HBWS<\'׌鯻h⒲5,\\ކ\\\\c\}$bٚ`\f\\k%\0\*=\\\Xfgb\I\'i=I\\"GU.\+sm#q\\\\\2E@iGQ\\\\\/*\%()\\\\\ݰ|qW\W]Tv;j͞Jq=,\\!\\\-\"+Oh\1\&\ZS\\\\Ւ\t\N)\\_ن\;G\=ETt\\\r5TfɹGRwHўFUE,\g(r>\}ǈ;\0~9!Nm͚V\\\Zu\Fs\\\?\\ĚRu5i\k\\\1Ҏ6\D|b;[o\_|.dfz=\Y\^\\GY]2 \\ʫ20e$RfA\ϸ\\\J\aGf\0\4]س\g\M\r\})]!O9Aی\?\d<\@\r\>(\\{O.Q$/\l\'k\\\r\\\;<\\n\\\\\y#\3E*\\o\ͣrf\wq/K\\\\+x\\\;2FO\	68\ox\::([_IBVZV/\\{\4\\\\M#I+=[ܢ*:\\Fgc\G\\e1\7,8\\\\Jw\C\Êj\SIu\vO*)f6i8i\H\G\0ۨ|<\Q_I\Χ\\\\\}{q\a\(vt?\\G#\\Ѭ\uRԲ\rӲ:ƅ܀i8j\\Z\\*h)L\\ͨ9]\#\h)\R/\lj3\j^aJ?\\0\{#RA\h\Q\\ܒ,h]\\n6VUK\\\F6f)esU()\vI#\#\\ZG%\\ę\t5{1hT\E\\\\UQ$\9ydb\\y=k\'ΨSB|\H\'f\Q\W\Vnr(@\<\\\n;<%H ؍bT\r\ e\"b\0N++\Z\oR\k\\hbk\M\[|oj\*39g\(\\q;;wu{\EQ&uMUR\0\KΠl\)s>N\r3UO!;4\Uedio[1\\I\\bM\F(kB豴h\\\rl/\}?d?\\Y\fNS5Q8@\s\\a\݋3I;\\܋\\^:U\\:\>ΤѸu6aRULw\y\\ٍeɂ3u>Y\]\$mxin\r\}=Բ<\;\\\\\HX\u:l\8Jf\sh~Ѿ\	M4\6N\\\Ç\\\\t\ײ6\3\nzD\3\bcAdPG\05GRi\>p¸uu\*m\\؛\\9\ʋhG:\~o^\;_=s\Sͷ\\\\m^\<YI53_\.U\]\\\Eǝ^\\ݯ\׹+C\Oӆ[I0矽|-\\~-?h{GHfuZ?\\\i#ɣ\0/h&h\h\\ȲRXc4\\\*(Q5\\j`O;\\\\\2XG,Sz\\\2A\_\\\Sw_YuCO\\! g\ZVۣ\n\rV\n\"\E*\\ZȧQ\uT\!۱Gb\Y\7\'\SfK9cQ3HEpK5\e34\\\2\&\n?\Z7(\U\W%jX\uJZYѡw\0~)wE\Fe<ܜ\vGW\\\\5\ޯ<\<[ዓ\;zu\+U%Q\\8\\kRN\!\\~hFN;9\\\~hN\?\\\\\vA~Wd~u\\\#(j\,\#\\lu\)KGQ[/5M\l\;rZ:6ZҲ\5\rh\?+Y8\f\O573\nf\r6w\;:\rL\0\\\f \?>]\'C\D?Aę.Y/ANObNJ\2l\\HG\tM:\~X-z\\p_2zf\a%.\\n\G\Ɍ\\/\\"\0\0	\\\'%sv\0ˢ)Wr.\\\࠱I\\Zc%C\r\tW\11S\#4\E\h8nE\X4\\00\lm\Q6\\\\0XgR\uPX\"݈?w\Vm(\5u\c\&\\\~j@\{7\R\P2G\\x\0y-\m-CÜ\h\k\:Ln`\8ډa\N)eC#43C\>\Z\OU\\BZyX\\S\0kIn=HQr@N\r\\@\\'a\'Cea~\ZIP\N\7\MdK7\\Z\\8?\\i\0v\$\0I6i\i\\)EByF!\\\\fg[^\\\;V\Q\\Za{E\\\\Z\z\Ox:\\\LUV\o\\:$\_p\D\QS,\n\9b{ςq54m\{\1gf\\Lv/#\0\\0F\\	$\\\^\0wp\^\\sCy\\\˧\iO\\f\(\\\\\>Cv)\0v\N\n\Zv@\\N3P\f\%\\:۵峢Q)*\uOg5+)YǬ77\е\qՉ\+ڬTj*\ m\v\\dلY[D[\:A;΅%\n\\\\Dfss:\0\A\\\\[\w\dS\\4\0E\\\s\Z|\P\F\<3<ң5\f6A\F6 {zy]{噌U+rl\\Sa]\\X\\7ճʤ^\\\9\\\\;}H\8\\\Z\A\:;Ű\Qxh\:\;\$\2>X\\ZYQ4bᘳ;I\Y\i\3\0(\r\#\\~\\.cR4\[F\<3\|έ\J\\4u5\\\\'\Bq&\yE \#\S\\ep\Ք2GuZ\Gw@xƂz\\_U}\\Z	꯸aB\n\ZƬBXRQ\j#a4O\ۈ\7v\\\\gK)\\0\6m.\\_p\u\\T\'|7\t+k z\E\\fyY]@jDpN.8\\Z\Zs4Ic\'\c7\\y\G\.mW\nv(,,CȺEmU;\n\rc(\\y\7\\\r=X#\\n\<\2^Q\\S\f+,\$I\\\[\\vF	z]-%\T߻\x\u$\gI8}\\\й\[kԞ(\d,vXr\}\\R\\.ekPSU74dQ\0\I\q&2mל<dr؆}41<q<\\\\TK1.ב\U} \fǞ#o18\\\\y}\\Ҿ*8ji[E>I\4On&\:v\\}>M\yL.R\m[\~2ַ#\)\c\rL\rtac|\Aa\0ξ%DAw\\}?\3sÿPK\\!;W\>\BK 6sA8$;N\3h֡m\\\C\\\-i5\\U\]n\\\\rsgu&|Ʃ\o\WW`\\鳪3\\\Nr/O#A\\\\\\"HJP\\n=\0\\\X؃WT\[\h\[F\$j뱅ǃ\jeу\\JGk5|G<~I\)r2CV\\\3h\Dh\u#x%l:\S%H!\L\M\nM\m\yGdR=\\0\>].P\\9Vb\3F\sG\*ꧮC,\wv\I\eVO\f4OSM 6\a\{9;\r \iuGQbѶ2\n1P	b51A\\tf:S\x\,΄\\\Qrܰ\ܔ\0q?D\09SB~-ζP<C\[a¡\퍊7u99\u\}ͤ\/\뼢N%\\n=\W\\(\0r\K\k0\"<-V\Ūwx\0\}\\YY\\\Ę\Z`w0p;ŏ\E+\[$cͽ׸\\=\EuڦG\aS+#ڤB=\?5zNXTe\cu1$\r`:kv3H\K\̿\vkĐ\A\>dp6λ]\(\'{!~\\(\0r\\|\^Xw4\ݿ>\'\y2P\fzY\Fz\a\Rq4),l\Z7P\\x:\(`\b\r`\ˠv\0Y64\'j\^\}-ГY^\g>G\\_\\/\Ԟ 3J\T1\Z\vcop\}\hc7\0叧FH\D,w\\"I\u\\>_<VԮm\u\0~\Am.\\f=܋\ȲZP\TU\j\\U\\{\0\S.SQ\\3̴Ф\"I<\\n-s\\g?̛\\\\q\\C)en:˺\.FW\ZM򛟅G:眻ʨ\PЉyA\U\\fs\3%$wxm(f>S\n(<Eph\E8\ZtOx\0cӡ\:_Hܸ̻Y\\ԲyERoZ9{6u\\E\'HV#FG\\tzI)R\\"\|q_FvcSE\'O+D}\En^\͵he+H<\\[vL5\w1`#\YZ/\<\\\ xѝ1:t?A:_I\rڨ\D\\tr,L\>ʢz;}\\\\KN!8\nP,ÜG˫\M c\\nM\1\ʙ\\i*K*\\\}rLrΏ0%i43\Vw{\7.ZjS2\S\\\\q\mT\\fU\ZZ\\`C`;\0\͓\]޳coXm\nv\P\p\0xpl,xTv \J\a\`$k\r\,\"߄bla0j\^[-0,<xaw\r\~Ҭ<\*)嶩i\a\\\_,jk\n4D\w:#\\LO\-\?\\\r\"0+;F3@C6Kd\`s\\۫4\T=LM\|dac\\{u4m5k\ʭ\9@ŵSJ\5ul\8SpsfJ\\\\߀\T2#\L\11\\\`\0\N\<w\_K>SSm\\O\?@Q \3usQ\Z6H\fHrw,eY*\]`\\\\\\ո9Dg\b>\Z\\]*+\jalʍ*jRĂ\\"\u.QN\u:R\ͤ\\\q\⑬Yx\\4\MqQ\\޵\0Sd߫R\p8y\n؟gK3ѽDC\\7v\.\\\\\y\J\8\Z\\T:<\k\\\j2\\h&\a\n\ێP,r?j^z*\ngtY\n\c\*\r>X\MmQP~C\\\\\\\G}\]\Z\\\\rJP\~Xb\Mc\h\r\k\e\u\Zs\P\0k<qY\\*?`\\nħ\m\w}r\\A$BE\oE\bX\"6tOɝrn/G?\6\Z`.wl\a\\T+r\m\\\\\C\\J.7\kb.x\!\iE\\\x\&\\0旎\\0l3b\I\'i>\Zc2	]\wҤEn{%}մiߜy\Z_	$$\l\0\\]?է(\rԋ|XoBW\ߋҍ\\KE\\nDRu+\o\5\"NߗI\Uմ\\\s\\|0a\Z16]V\\R\MȎL\I|I\|\\n(_\P\0\";\\f\0\\\0w#\\'\H4ye$,>\\4\^6\\KK\\G\r\|\w\/\0[\o\0NW\1\r<t\B\rgi;N&7\Z9t\7\!M=<|\@\6k<\<\i\7y|\0s\0Q\\rW\r3\\Z.Á\\\\\\\nN~|\ڻ{1CSΡ\\/\,#DmtU5\(#IF\\\>HXʿt?\\J\[\\\6\\bthӶ\4-LZ\\0YcW]M\N$\\SWY\\\vVKZؓ\\·\)lv*7sa\\N\\\rETilR\8*\j.8_:\\\\\q\zU~3\\Z\\G\Kt\rsFZ\0BƼbDY#dmX\\Lή\0n\Z_@5%\\~9\O\\\"r\\nqǠ馶\`\k\\>*\X:UG\5ճ~/@:\^#<tR\ـ\nu\\P\P6?#q$j\c\\чgNyGfP?\Jǒο\{\\\xÍ{x\\\fa\OqniԂ,n/\\j!sj\;l~MO4Bh66S\\B#\Ҷ\0\nh\\৓OQ\\\\cv֓?\}w\]\r}\Q\0sQ%>\E\i\\~PNg\n/y\'\5CFY.B_.\\\\ZTz4\\\C-&N\\xF`/ᶶ\uZQy	\W]\Z8\@\\\#\R\͹y\Z6\\S\B\\0uhc\\y\zK\Z\0suQH>ÆRc\VS\\fcA\\y\,f)A\nƿ\J.\ٰcy\f!}in\\L~\S\\\w\̋ŀ\fTMA\\Zȶ>\\Dѝ{7\J@}\|TG\\emE|\jL\0\\\i)\Ib!\V2|\<օf[,\ʃ\\wtL\7\\+[ax\!\0q)\	f*$[b/\\3*f ($\FM*lƟy<;񷡔feU\:ݣ>,>\v!9\I`Ѹ70y<l:\Rw\W\\9\\b</\i\E\R\\%a:\r3\E;ǔG\Z\c\06\;\٣T\M\\ߧOy\3(˧o\\"~\p\?>\00ix\5nqXu-\7\\yhU\|\\\HM\\$Ğm\\\R֎\N*\DV\\8e*\HF!7x;)\c\s*|\P\u\"9\\6\j9Ɏ/ؿ\\\0A51fڹr\Дq;\\\qp\t)\\Fȹ\6\\rB%x(ЙKn\5\\W\\\\<qqk5\q\rl3Xih\\\Dov$@\=\mmFaR\\ɤ\g\0\< hdH꫞\9-\ZZ\\^\Zs@\0A\\\\H\q\\,>\c\|*PXum\'f\|5Ԛ$\\\ބUsC^\k2Ha$IEу\\\31E%[\rK;O\疦wi\svc\d<\\zXƖOUS\\R\\O\n5\n7GVr>jD\uwz\nfщe5fd}\=_\\T\I\u\Ǩq߮3کh[\T\:M\G7Jd2O&\_i=K.˪3Jԥ[k$\Q\eY]>QB\\w#[\05u̪=\Zvr5\\=E*J=b,.\%Aأn?immG9YE/,\;|SjU\\HXfd\\gh\zs\CR3F\5n*9>\M.\\\EM.a`\=:\Z\Zʭ)icӑo$\\2Z|Ǖ\)\Z\C\ \rP\1H\\\-|\\\#|a\\\DWapކc\58\\\&*#xUb:\:\IA\=بm)f\"\t&;\o^F+hɨ⣓\\UU嵴\,un\]T敋MKd8c%\)ZNj/V\,ksΠV\8\N\Z[\:p\T؍~K.Rv\'/C\E\Ժn\wV\X	\]\ut3ft]\uI\\\Z\\I\\r\n}fV/~U\0{ ޻*H\"\n>@\\a\0jtV\0QpEՊ\J\\R\\\lbo\\bB_X+;\WR\,s\9\OP\\EG.Ch\Y\\:\\\7\z5\\uhhdYh8n\zQU2]ν˼\Y\ZiZF\O\)\\N\	ۯ\\\RGP5\m\1=4\\\Z0\\8\1\\jl\{zD\F(\\,c\aT\"]XzXı6\á\h6=X\r㏭Oks\nXܛ\'^=ȂF\l	\\u;.\\\o\Z}S$\'\\\c\.V>0/as\6]\\r5\\\\\\rY\ڏ\\m*ຼb6	8va\m;1%_\\<WV+\%Op2\\\.W\\\QY\"P\PՏK=\\ݏK=\J\\ZE-΢%p51\;?\R\E\61+\j\"\ѝ\lz\: \^\1ce6a\\\r)ͱu\0E\.\'Q7Z}\Zv\u\CtS\dp.I\,0k\f#hdaM\{\D\\G7\0/Y\\\\ñ_F\t\h&Q\(\\[iT7!)HoLXc\\ZQ`\i\04ӕa֧HH\`\7Pz;T&\\_M\C\\>\8z>T\S\\rj{p\Q\uY\'/9\q%sQ\vᙜݘ\\c7R8tOJ\d\|a\.\\\ʓHs\58qz \0\q%din\f$MW\Fl\\\8\\\@\\\xE\Z\\Z\0=\"E\]K\y4\}]y\`;7\J\5\<!>BҪ2\ʣSqthܫ`n/\;JL/\0:c\T\\²Ga\``\\@bSEcϜ/I\\GS\ZR\<G$r@N$n\{6bJ_P:#\G\\\"\Q \B	\u]\Չ\Pux}\r3͒Wuƿ+\{a\\ \a+e_:\;v\+bmMt=0]H#=C.\\\>h\=+UL1h5\H\)\n8 \1G{\'׉+\B\'Y\\\\Ц0of+ɭ[m\Q\ZF)cG\ZRQc\\Z\\k\o2醆Cpu\㉣0\\w]\V3fy\*;UIifMԐ{E\÷V&\\Cۅ`\\;\\\&x\\iJ\\XH6\\A\?9<\0-=\n\T\\k&n\\gjw\5wn\\A*ye\W`Q\\0Ҟ@{6=r т0-\ēI)\؞\\bvqӥBm_w\qx_\=\9V\x\㤒߂,H\¬\nA\\VȺ6\T\\\\;5\r\\f\0\n\0l\\m]4|q-Tq1F\\Sb-\\\iׇO9͸\r^bn1:UGG\t\\*\Xtt!n5\\\nJ_<\ݷ\s	Tc@q߂K$\=*	A҅6\h\R\;f\\\0\*-&_ߧK/kT\qP2\=%vCubfE\a\8Jți*{papAA\QѵK\\F6=DTP\0`Ͳ^v+-@\\8ddrYM;GFm	t\*\g \\0\0I\1㝥\\~;~8Бhj:ݐ\\A\\\\n1ZXxk\\\Z\|2y\e/\F3\lW-\\ТI\	\o!	[\"7\MZ\(\ڥ\uF6\",h\0\n6\\\)J\\\8\ZsvK\#G\"u\A\\ \x\\\\Ug6U$\\Jf\np\Z0 \'\Zf\\\P\C!Uq\\\a̻Q#xe;\\\\jy@lA\\\zqȝߦ#qF\\\\\\q_\J\\rN_T`n5\n\06\\\,=~,<Wga\\M,ԓ]\w\t($+1Kja\84($gww\rWۻ\$\Jn\Of\94M	\P\\\\b_\݌\;2ʻXX\\\<nFA9?Ձ\w\\:_]>8zwffR>^\#0u\0Gٲ\\\=t\:oY=4\ՃGP?ÿq\\RH\\0٫Yv;\K/6?\ZO\|VH\\z+\C0\0\0\0l\Z\Ls-\\6ٌ\,o\Z\"|Y\0\8UgmRO,4\`n\\U\Ч@{w*\,j\#\ӣ]z\8$lm\FujB\ٯ\'>\-\\[.])\\>8\\w\c6kq\sk\\\\l}bcW\㞗\I\H؃Y\iek3\0@:4\\oy\;\'\8\\%\\\nځ%\T:\$\\̏ވ㏭\?\r\4hd\\\'^)߯A:\\rY{\2\0\\q:\:b\\0#Xm5P\r&\M{\9#YPe:#n+r椄A\\?\\K4ٸx2kX<KVC\\?P\j\?MQ\V=\G;Gy))\1[b$gytA7\n\>Fl7?\\@\!\l\SP{/YP\#F\s6`|\\D\3pa\m2+􇍔\נ	\{0s\	^16;1CU^;81G\H\ \ZR\\8f9,5;G767늚Y%\\Bq\{\"s\q\aJt$xu(\N\m$\-\ar\\\0;98t\r/\Y̊\0\pٓ}\\8j\\c\3\\\F\'MM\6m\\0ۇF \nĻGCf3O\06t\\G\\ZIQx\>\~\ān\T\c\q_K䦼\\\\\chϞ\\\\0`.x%\\,8SјH\18M9V\\\^lTZ(;u|\Ӷ\F\ZG9\\\I\{pAj\2\\md\0|1dbMQ\\\7~*-t/ˡIE=l0\;\2\n=\#P\\\3\!\m\\\\4]v\\FsdRǰb:	_β|N>K\d\<	\rt1C\\z\a\n?aݘě\\Фŉ#G&J\o\=\nթo#@t\\\\j\)<\gDxI\zY~\g(\D\v\\'v=c\ECH\*\\/\\\I\>\\r^\W\f\\\1\\Dy\ia?\\o\\h\h\i{}F\*j\bhU?\xX\\ilU\K+Vs\"$j\\Yꟛ_Qu\݊jH)#Ђ5A\Oy lU\t7d˝\݊\OZ?\\r(FX[iR\q7\#M\\2Eoo\*\X0\\r\(\")\o\\e\\΄\\613wRrp5\\~4!Po\\r\Z\\)oXj>T\m\ښ`\ՓQ\\JZ)U\D\\\\1Qa\9{\\˹\b9]\\-\Z\y&R	7\"\\\#d6K\\Xl\36\\qj*\;1U\\&ǣ6\qsO8?\\\\\>\\0`\rå\sp8\R\+z\\\h~ҞX\Ҋi͢\\0*\r~]n!\\\1ECJK<#n\C/\o\N-,H\0AĹ\^3\q/&H\H=$\+\o\e\y\зa\R[\U}Rm\"ߧ\\\o\.$cF\TG\ɲ\1&\\\ \Eɪu\?`C\iО-p(\0abEK\'O\AѴ|فp\Z\^a\\\'`\\7\?\/Zo\\'(\ׁ\\$=\p&^?\\\?+O6/j\	Q\"\(\\03\0\0\0\0\0\0\01 !0@Q\"2APaq#3BCR\\\0?\0\0*\'ڛӍ77\8ُͨ\%:\\\My\ט\	\\hc&4\\Z_C\\F1\8 >*WǚȞ\QÊd\~\*q\\S;1qI\Z\>5Wq4\3\$\n\\\K|PU\Z\n*\F\.\n*q$`\\\rH\j|SIp\\'hBTMGD\xF#qu߆w\jB\8k\X\K+J\nLkp\3\\M\abOKk\\8}\ݝ7#k<7l\\\oiwX\\VC\\\0niݝ7!AcaQE\n(\04\qjĐ~98\\O26\\ԳT\ph\\&\\홋rA \V\Zq*Xư\r\\0<S\\qHc`£p\u\\A\\~sn\\|lG36F\t=;E,jG.ŏ-\\r\\\^a2\+0.(4\H\\f\\\r#\\\\Zԫ6ۅːһRƝc\\\\;\\\b\9apg_Q\c䲄<\Mjǎ\kWNs^HaD\ɖLLS甞h67v)\\\J9\@*-X\!\%M\#P\碕\!n|&\uډ~\'`6b]w#\lǥq\h\ۢ\5~~\uڂ˵O\nrc\\&L\\5~\ԫ\\5\\WM,*q\\r\x\"\\\G3\n\e^\Zo1\n#e`k\]\\0\8n$\iZ汫\1Mo+J뱴\Avj?\\\k\n\wnjE̤sc7@zx\ߞPsD\RZ\Ey\iL\\$\\F\	D\/㡓\=;m4X\Q\\e=\plĭf\\\\\?\[n\r6a\\vޱ\"\~f~:@>-\hW\\y\Fg#N\\̈Y\0t8iC\DX\ry/\.m@X[\\ЂA\r\T;n6\-#\\Ҩ\Ann-\A\*[]\[qf^no%tSx\\3.\\\m\T.A;\0B\9\$y\bxr\yZ\\\I\B/G\\㗆\0ʠ\\\0b\\0,\\\\n\!~(r\M1`.(5\E.0h¤\ &@QL\H\\>\$\V\A\X\S\Zn\Z\rL=I\\')\TYc\oy@ޘ\n\bʙ\K#\\Zh6SˍSޓ\X<\\\_\\\0\+\p\\ːZ\\_v\@\0,:Y\!Z c\\\b}\G\Cg/\}rs\\\\\x2+1P\T\].\߱\4>k\‷N\X\\/&($\\\'\\Z(G\rq䔞QĖf\0\<a\%zD\"T\26;_J\\'z\a*Qa\\#\}\kapjo\m\o\r\E\q\6< \\\x73.El<\\P8\0P\aػW\n\bu֥7Ҧt+ވ\n]\jַ3\3jñq\q\\s	\\}>:\\!L\TX8\"\67z	:\w4;\\J~\\0\\:P\l\E EM\\x\\\N\\?J\\s\J\tSe\\P \\\\Mb\\aq@\oxwP\Y1VaY\\R鵴cQ&eA@[\\S\J\\x\\\P`\rf\*\z\Z\̵aDpҭV\Z\ڬE3Xq\',,}\rX\5/mE1\Vj\޲nwI\\Ɍ\tںL\4rR\\Y{Յ/m\/Jxn0\@ތw?\j\.M\>!\\֓^\\\H\]7i\E\3iµ\頑.!Ƽhb\P\CGv\FT4q(4ı\S;6깏z\y޼\\E\\w\\03\0\0\0\0\0\0 !01@AQ2\"Paq$BRC\\\0?\0\0A\rcM<\Qܡf!eX\{#g\F\\\:\\N\\}4\&Y\\~Z&\\\tLw!:\%:73\\&Y{5yO5\h\\㳗j\Z\Z(6;1Щ,\؈ \.4\n(5<\ETN9䉯\Z\"sa2\@`\\'r\P,\q\\4Pl馃\\:\\/4	\r@ٞ\kKe\\0\ B\T`<\\m\)\-4=E<G\f>\\W4]\Dx!\\\\\@\\A\\\{\'\\;\\\	\n)NGߎ\\\;@\\p\\0)t\\Ε@\\Ax\8\\{TזAM\\X@SD\Q|\\\ʻӔqq4O~/\H47=\+\#ȐST\(/\`\=vE\o%4\Z8ETJ\bD}\*((i\1\ \dàD\=\H8|\\DTQYa\im_=}|o\5yV\\Vw\+K(\'{N \VQ;\\ \\򺦊\\[p\Z#\ڧ\ҁ#rqX\Efh\;&\"S\"\\\|\4i7X\%]hR\$x\&\\n:(E6]\\d\#;\/}w=͠^\\ZIVz\\\\Z\"ʍ\\n8?\1\8\9M%biЊ\'4\\\ZTb\9\/\TQ\2&Q\\\(W\+\bs\\s\r20HKؓ\z|G@\rBh\\\S{Oxcq-1\H\A\\0ֻ\Bψ\tQ	U֪M@rg\8ep~\Kw%#VQ4Ъ\\\QE(\0+Q+QPěm5#\yCg5t-ur\\syM 5\l\n\VS\\T\|\v{\nJh\z++\eluDP\p\n\	BoI{\\\'?ݵ:EB\F\Z\&8T\'D\\'B\q \n\eh޵:\G0\ZX\r$k\FF\r.c\MS\\*.--;V^\F@+\bq=ܷnbC\r.\Q\kCM\n\dn\C\0<P\QsZj*2>\\E	\/\'ǚ\\XzF;C]vN%E\w?\\|s\\E\\\ZH+Q[`\\(\rBdÇ A\t\Z&\u<tg\n\t骕\]\4VXF\\O!GL\\F\5~E.o\+Ӧ|\\iEr\\r%]OK\:\Z\7-oǥKl>o<#w\v\&\'a{4\w=M\\0\cxp\\\\\ZMO\\\`o\P=ْVF*\E/#\I~gg\e\\0\\FlJB\WB\U\ZrC\+\n\\\Qҥ\)a\s&\7<|\Tv\_ޟ:D\W\\r\i?R\0ڒy$\;Ua*p\Z\8P\C\"Li\\G4M~\\Q\az~\5\dj}-\L\b\+N7\0J\0pQwaj3|\\\ZB\0ѹ\\y)da\r~\\T\\\\Xqj9D\\b\P\\M\󑦅C\e\g\\a)\\\U`?a \0\s0Put\5\BI\Py_M\i=Z\0\n\q\0\UJT\UUJq+PS[S\0\r]\748P -թ\oh5EUj\\b)eK7`\?\{\L\\ωORxD\ 4N\Z\o(\i>Aݯsd\0j\~\Z\\;\Z\r(r@\\r@M\Lsm S\<h݊1<vD\\Z2HD\B\\\m\5\\\g\\\\\');
/*!40000 ALTER TABLE `vendor_tbl` ENABLE KEYS */;
UNLOCK TABLES;
/*!40103 SET TIME_ZONE=@OLD_TIME_ZONE */;

/*!40101 SET SQL_MODE=@OLD_SQL_MODE */;
/*!40014 SET FOREIGN_KEY_CHECKS=@OLD_FOREIGN_KEY_CHECKS */;
/*!40014 SET UNIQUE_CHECKS=@OLD_UNIQUE_CHECKS */;
/*!40101 SET CHARACTER_SET_CLIENT=@OLD_CHARACTER_SET_CLIENT */;
/*!40101 SET CHARACTER_SET_RESULTS=@OLD_CHARACTER_SET_RESULTS */;
/*!40101 SET COLLATION_CONNECTION=@OLD_COLLATION_CONNECTION */;
/*!40111 SET SQL_NOTES=@OLD_SQL_NOTES */;

-- Dump completed on 2022-04-03  1:40:52
